REF_AREA,DATE,SHORT_TERM_INTEREST_RATE,HICP,RETAIL_TRADE_VOLUME
BEL,1/1/2003,2.831818,77.51,88.45101259
BEL,1/2/2003,2.68745,79.16,88.45101259
BEL,1/3/2003,2.529952,79.38,87.79419814
BEL,1/4/2003,2.53335,79.24,86.80897646
BEL,1/5/2003,2.400524,78.93,86.48056924
BEL,1/6/2003,2.151857,79.18,85.82375479
BEL,1/7/2003,2.130044,78.32,85.49534756
BEL,1/8/2003,2.140429,79.64,86.15216201
BEL,1/9/2003,2.147318,79.75,86.69950739
BEL,1/10/2003,2.143565,79.51,87.68472906
BEL,1/11/2003,2.15905,79.64,87.02791461
BEL,1/12/2003,2.146333,79.6,85.82375479
BEL,1/1/2004,2.089476,78.59,87.90366721
BEL,1/2/2004,2.07055,80.05,88.45101259
BEL,1/3/2004,2.028826,80.11,88.01313629
BEL,1/4/2004,2.04875,80.57,88.34154351
BEL,1/5/2004,2.085857,80.82,88.23207444
BEL,1/6/2004,2.112682,80.75,88.34154351
BEL,1/7/2004,2.116045,79.92,87.79419814
BEL,1/8/2004,2.114273,81.27,88.34154351
BEL,1/9/2004,2.118591,81.19,88.56048166
BEL,1/10/2004,2.147333,81.58,90.09304871
BEL,1/11/2004,2.170318,81.45,90.74986316
BEL,1/12/2004,2.173174,81.2,92.17296114
BEL,1/1/2005,2.145429,80.14,91.73508484
BEL,1/2/2005,2.13835,81.86,91.18773946
BEL,1/3/2005,2.137191,82.39,90.74986316
BEL,1/4/2005,2.137238,82.55,90.53092501
BEL,1/5/2005,2.125636,82.65,90.64039409
BEL,1/6/2005,2.111045,82.93,91.95402299
BEL,1/7/2005,2.119429,82.1,91.51614669
BEL,1/8/2005,2.132478,83.59,91.73508484
BEL,1/9/2005,2.139136,83.56,91.29720854
BEL,1/10/2005,2.196619,83.44,92.17296114
BEL,1/11/2005,2.360864,83.4,91.95402299
BEL,1/12/2005,2.472857,83.44,92.17296114
BEL,1/1/2006,2.511682,82.33,89.54570334
BEL,1/2/2006,2.60035,84.22,89.87411056
BEL,1/3/2006,2.722609,84.16,90.85933224
BEL,1/4/2006,2.793778,84.63,91.62561576
BEL,1/5/2006,2.889,84.93,91.73508484
BEL,1/6/2006,2.985682,85,91.84455391
BEL,1/7/2006,3.10219,84.09,93.15818281
BEL,1/8/2006,3.226478,85.54,91.62561576
BEL,1/9/2006,3.335381,85.13,91.51614669
BEL,1/10/2006,3.502,84.88,93.70552819
BEL,1/11/2006,3.597182,85.06,98.96004379
BEL,1/12/2006,3.684211,85.17,93.81499726
BEL,1/1/2007,3.751864,83.73,93.70552819
BEL,1/2/2007,3.8182,85.71,93.15818281
BEL,1/3/2007,3.890909,85.71,95.12862616
BEL,1/4/2007,3.975263,86.14,95.34756431
BEL,1/5/2007,4.071363,86.04,93.59605911
BEL,1/6/2007,4.147762,86.1,95.67597154
BEL,1/7/2007,4.216182,85.19,95.34756431
BEL,1/8/2007,4.543609,86.52,96.22331691
BEL,1/9/2007,4.7417,86.36,97.53694581
BEL,1/10/2007,4.687391,86.76,94.69074986
BEL,1/11/2007,4.638546,87.5,96.00437876
BEL,1/12/2007,4.848369,87.82,94.36234264
BEL,1/1/2008,4.481545,86.68,96.22331691
BEL,1/2/2008,4.362095,88.82,97.42747674
BEL,1/3/2008,4.596368,89.47,95.89490969
BEL,1/4/2008,4.7835,89.65,96.00437876
BEL,1/5/2008,4.857381,90.43,97.86535304
BEL,1/6/2008,4.940524,91.06,98.41269841
BEL,1/7/2008,4.961,90.21,94.25287356
BEL,1/8/2008,4.96519,91.16,97.53694581
BEL,1/9/2008,5.019182,91.07,103.4482759
BEL,1/10/2008,5.113087,90.92,96.00437876
BEL,1/11/2008,4.2383,90.32,94.90968801
BEL,1/12/2008,3.292619,90.19,97.86535304
BEL,1/1/2009,2.456524,88.5,98.08429119
BEL,1/2/2009,1.94305,90.54,98.52216749
BEL,1/3/2009,1.635455,90.04,99.39792009
BEL,1/4/2009,1.4223,90.31,97.97482211
BEL,1/5/2009,1.2817,90.21,97.97482211
BEL,1/6/2009,1.227909,90.1,95.67597154
BEL,1/7/2009,0.9749565,88.65,98.74110564
BEL,1/8/2009,0.8604762,90.51,97.09906951
BEL,1/9/2009,0.7720909,90.14,97.20853859
BEL,1/10/2009,0.7375,90.12,98.85057471
BEL,1/11/2009,0.7161905,90.3,97.53694581
BEL,1/12/2009,0.7120454,90.49,100.1642036
BEL,1/1/2010,0.67975,89.2,98.74110564
BEL,1/2/2010,0.6617,91.28,98.63163656
BEL,1/3/2010,0.6449565,91.75,97.86535304
BEL,1/4/2010,0.6447,92.16,99.50738916
BEL,1/5/2010,0.6865238,92.48,99.06951286
BEL,1/6/2010,0.7275909,92.5,99.39792009
BEL,1/7/2010,0.8488182,90.81,100.2736727
BEL,1/8/2010,0.8955,92.67,99.61685824
BEL,1/9/2010,0.8805,92.78,101.0399562
BEL,1/10/2010,0.9976667,92.91,99.28845101
BEL,1/11/2010,1.042045,93.02,101.1494253
BEL,1/12/2010,1.021696,93.55,99.94526546
BEL,1/1/2011,1.017238,92.31,100.1642036
BEL,1/2/2011,1.08675,94.48,99.39792009
BEL,1/3/2011,1.175522,94.8,99.06951286
BEL,1/4/2011,1.321211,95.05,99.94526546
BEL,1/5/2011,1.425091,95.2,98.52216749
BEL,1/6/2011,1.488591,95.52,98.74110564
BEL,1/7/2011,1.597619,94.46,98.41269841
BEL,1/8/2011,1.552087,95.86,99.39792009
BEL,1/9/2011,1.536455,95.77,99.50738916
BEL,1/10/2011,1.575857,95.9,100.6020799
BEL,1/11/2011,1.484682,96.28,100.2736727
BEL,1/12/2011,1.426095,96.53,99.39792009
BEL,1/1/2012,1.222227,95.34,98.74110564
BEL,1/2/2012,1.048286,97.65,100.4926108
BEL,1/3/2012,0.8584545,97.75,100.0547345
BEL,1/4/2012,0.7443158,97.8,98.30322934
BEL,1/5/2012,0.6849091,97.71,99.72632731
BEL,1/6/2012,0.6588572,97.59,99.39792009
BEL,1/7/2012,0.4970455,96.33,99.94526546
BEL,1/8/2012,0.3323913,98.35,99.28845101
BEL,1/9/2012,0.2463,98.27,99.94526546
BEL,1/10/2012,0.207913,98.45,100.0547345
BEL,1/11/2012,0.192,98.37,99.72632731
BEL,1/12/2012,0.1854737,98.54,99.83579639
BEL,1/1/2013,0.2049091,96.74,101.3683634
BEL,1/2/2013,0.22335,99.14,100.6020799
BEL,1/3/2013,0.20605,99.14,101.1494253
BEL,1/4/2013,0.2089048,98.98,100.4926108
BEL,1/5/2013,0.2012273,98.9,101.2588944
BEL,1/6/2013,0.21025,99.19,101.1494253
BEL,1/7/2013,0.2214348,97.91,103.3388068
BEL,1/8/2013,0.2258636,99.43,101.6967707
BEL,1/9/2013,0.2232381,99.26,100.9304871
BEL,1/10/2013,0.2258261,99.15,101.1494253
BEL,1/11/2013,0.223381,99.25,103.1198686
BEL,1/12/2013,0.2735,99.69,100.2736727
BEL,1/1/2014,0.2920454,97.82,99.61685824
BEL,1/2/2014,0.2881,99.97,98.63163656
BEL,1/3/2014,0.3053333,99.94,98.85057471
BEL,1/4/2014,0.32975,99.74,99.83579639
BEL,1/5/2014,0.3245714,99.59,99.06951286
BEL,1/6/2014,0.2414286,99.74,98.96004379
BEL,1/7/2014,0.2050435,98.43,97.64641489
BEL,1/8/2014,0.1915714,99.83,99.50738916
BEL,1/9/2014,0.09709091,99.46,98.30322934
BEL,1/10/2014,0.08260869,99.47,99.83579639
BEL,1/11/2014,0.0809,99.31,99.39792009
BEL,1/12/2014,0.08090476,99.3,99.28845101
BEL,1/1/2015,0.06266667,97.2,100.711549
BEL,1/2/2015,0.0482,99.56,101.2588944
BEL,1/3/2015,0.02718182,99.82,99.39792009
BEL,1/4/2015,0.0047,100.11,101.4778325
BEL,1/5/2015,-0.01036842,100.43,100.0547345
BEL,1/6/2015,-0.01390909,100.6,99.94526546
BEL,1/7/2015,-0.01873913,99.27,100.711549
BEL,1/8/2015,-0.02766667,100.58,99.94526546
BEL,1/9/2015,-0.03704545,100.36,100.8210181
BEL,1/10/2015,-0.05359091,100.62,99.83579639
BEL,1/11/2015,-0.08761905,100.7,97.31800766
BEL,1/12/2015,-0.1263182,100.74,100.0547345
BEL,1/1/2016,-0.14615,98.99,100.1642036
BEL,1/2/2016,-0.1835714,100.67,99.28845101
BEL,1/3/2016,-0.2285238,101.46,99.61685824
BEL,1/4/2016,-0.2491905,101.65,98.52216749
BEL,1/5/2016,-0.2571818,102.04,99.94526546
BEL,1/6/2016,-0.2679091,102.4,98.63163656
BEL,1/7/2016,-0.2945238,101.3,99.94526546
BEL,1/8/2016,-0.2982174,102.59,100.711549
BEL,1/9/2016,-0.3016364,102.15,99.50738916
BEL,1/10/2016,-0.309,102.56,101.2588944
BEL,1/11/2016,-0.3126818,102.46,99.94526546
BEL,1/12/2016,-0.3157619,102.96,100.711549
BEL,1/1/2017,-0.3255455,102.03,100.3831418
BEL,1/2/2017,-0.3286,104,98.85057471
BEL,1/3/2017,-0.3293478,103.99,100.4926108
BEL,1/4/2017,-0.3303889,104.35,100.711549
BEL,1/5/2017,-0.3294545,104.02,100.8210181
BEL,1/6/2017,-0.33,103.95,101.9157088
BEL,1/7/2017,-0.3304286,103.13,100.6020799
BEL,1/8/2017,-0.329087,104.64,99.72632731
BEL,1/9/2017,-0.329381,104.15,102.134647
BEL,1/10/2017,-0.3295455,104.44,100.1642036
BEL,1/11/2017,-0.329,104.61,101.9157088
BEL,1/12/2017,-0.3278947,105.08,101.0399562
BEL,1/1/2018,-0.3284546,103.82,100.4926108
BEL,1/2/2018,-0.3285,105.53,101.6967707
BEL,1/3/2018,-0.3279048,105.56,101.5873016
BEL,1/4/2018,-0.32845,106.01,100.1642036
BEL,1/5/2018,-0.3252273,106.38,101.1494253
BEL,1/6/2018,-0.3220476,106.68,100.4926108
BEL,1/7/2018,-0.3207273,105.93,101.4778325
BEL,1/8/2018,-0.319,107.41,100.9304871
BEL,1/9/2018,-0.31885,107.1,101.0399562
BEL,1/10/2018,-0.3176956,107.8,100.4926108
BEL,1/11/2018,-0.3163636,107.63,100.4926108
BEL,1/12/2018,-0.3118947,107.39,100.6020799
BEL,1/1/2019,-0.308,105.69,101.4778325
BEL,1/2/2019,-0.30845,107.62,101.4778325
BEL,1/3/2019,-0.3091905,107.86,100.9304871
BEL,1/4/2019,-0.31045,108.11,102.3535851
BEL,1/5/2019,-0.3118636,108.16,101.1494253
BEL,1/6/2019,-0.3289,108.09,101.4778325
BEL,1/7/2019,-0.3648696,107.21,103.1198686
BEL,1/8/2019,-0.4076818,108.34,101.2588944
BEL,1/9/2019,-0.4175714,107.7,102.7914614
BEL,1/10/2019,-0.4128696,108.01,102.3535851
BEL,1/11/2019,-0.4012857,108.02,102.6819923
BEL,1/12/2019,-0.3947,108.38,103.4482759
BEL,1/1/2020,-0.3911364,107.17,103.1198686
BEL,1/2/2020,-0.40885,108.74,102.9009305
BEL,1/3/2020,-0.4166364,108.32,98.19376026
BEL,1/4/2020,-0.25405,108.1,92.39189929
BEL,1/5/2020,-0.27195,107.92,104.4334975
BEL,1/6/2020,-0.376,108.33,107.1702244
BEL,1/7/2020,-0.4441304,109.05,104.3240285
BEL,1/8/2020,-0.4797143,107.38,113.1910235
BEL,1/9/2020,-0.4913636,108.21,107.0607553
BEL,1/10/2020,-0.5091364,108.47,109.3596059
BEL,1/11/2020,-0.5208572,108.27,96.98960044
BEL,1/12/2020,-0.5380909,108.76,108.8122605
BEL,1/1/2021,-0.54715,107.82,109.2501368
BEL,1/2/2021,-0.5411,109.08,112.2058019
BEL,1/3/2021,-0.5390869,110.07,111.001642
BEL,1/4/2021,-0.53815,110.32,109.0311987
BEL,1/5/2021,-0.5400952,110.62,110.3448276
BEL,1/6/2021,-0.5429091,111.11,110.3448276
BEL,1/7/2021,-0.5448182,110.58,108.1554461
BEL,1/8/2021,-0.5475909,112.41,107.8270389
BEL,1/9/2021,-0.5450454,112.35,108.4838533
BEL,1/10/2021,-0.5498095,114.33,108.9217296
BEL,1/11/2021,-0.5673636,115.95,108.9217296
BEL,1/12/2021,-0.5819565,115.93,109.7974822
BEL,1/1/2022,-0.5601429,116.99,109.3596059
BEL,1/2/2022,-0.5315,119.49,107.3891626
BEL,1/3/2022,-0.4954348,120.28,108.045977
BEL,1/4/2022,-0.4478947,120.61,107.8270389
BEL,1/5/2022,-0.3857273,121.61,107.7175698
BEL,1/6/2022,-0.2392273,122.82,105.8565955
BEL,1/7/2022,0.03661905,122.03,105.4187192
BEL,1/8/2022,0.3947391,124.24,107.3891626
BEL,1/9/2022,1.010864,125.9,108.8122605
BEL,1/10/2022,1.427667,129.3,103.8861522
BEL,1/11/2022,1.825227,128.07,103.8861522
BEL,1/12/2022,2.063476,127.77,103.1198686
BEL,1/1/2023,2.344864,125.66,103.0103996
BEL,1/2/2023,2.64035,125.99,103.3388068
BEL,1/3/2023,2.910565,126.23,102.0251779
BEL,1/4/2023,3.167,124.65,102.5725233
BEL,1/5/2023,3.366435,124.91,102.5725233
BEL,1/6/2023,3.535864,124.79,103.667214
BEL,1/7/2023,3.671809,124.05,103.1198686
BEL,1/8/2023,3.780304,127.2,100.6020799
BEL,1/9/2023,3.880048,126.73,101.5873016
BEL,1/10/2023,3.967636,127.15,101.9157088
BEL,1/11/2023,3.971636,127.05,103.0103996
BEL,1/12/2023,3.933095,128.45,101.2588944
BEL,1/1/2024,3.925273,127.51,100.711549
BEL,1/2/2024,3.923191,130.54,100.8210181
DEU,1/1/2003,2.831818,82,93.28416149
DEU,1/2/2003,2.68745,82.4,93.75
DEU,1/3/2003,2.529952,82.5,93.28416149
DEU,1/4/2003,2.53335,82.3,93.75
DEU,1/5/2003,2.400524,82.1,93.86645963
DEU,1/6/2003,2.151857,82.3,93.63354037
DEU,1/7/2003,2.130044,82.5,93.51708075
DEU,1/8/2003,2.140429,82.5,93.28416149
DEU,1/9/2003,2.147318,82.4,93.98291925
DEU,1/10/2003,2.143565,82.4,94.68167702
DEU,1/11/2003,2.15905,82.2,93.63354037
DEU,1/12/2003,2.146333,82.9,92.70186335
DEU,1/1/2004,2.089476,82.9,94.21583851
DEU,1/2/2004,2.07055,83.1,94.91459627
DEU,1/3/2004,2.028826,83.4,95.38043478
DEU,1/4/2004,2.04875,83.7,96.07919255
DEU,1/5/2004,2.085857,83.9,93.75
DEU,1/6/2004,2.112682,83.9,95.14751553
DEU,1/7/2004,2.116045,84.1,95.14751553
DEU,1/8/2004,2.114273,84.3,94.68167702
DEU,1/9/2004,2.118591,84,94.91459627
DEU,1/10/2004,2.147333,84.2,94.56521739
DEU,1/11/2004,2.170318,83.8,95.72981366
DEU,1/12/2004,2.173174,84.8,95.49689441
DEU,1/1/2005,2.145429,84.3,97.47670807
DEU,1/2/2005,2.13835,84.6,96.3121118
DEU,1/3/2005,2.137191,84.9,96.42857143
DEU,1/4/2005,2.137238,84.9,95.96273292
DEU,1/5/2005,2.125636,85.2,95.72981366
DEU,1/6/2005,2.111045,85.3,96.3121118
DEU,1/7/2005,2.119429,85.7,96.3121118
DEU,1/8/2005,2.132478,85.9,96.77795031
DEU,1/9/2005,2.139136,86.2,96.19565217
DEU,1/10/2005,2.196619,86.2,96.42857143
DEU,1/11/2005,2.360864,85.7,96.54503106
DEU,1/12/2005,2.472857,86.6,96.54503106
DEU,1/1/2006,2.511682,86.1,96.3121118
DEU,1/2/2006,2.60035,86.4,96.66149068
DEU,1/3/2006,2.722609,86.5,96.19565217
DEU,1/4/2006,2.793778,86.8,96.77795031
DEU,1/5/2006,2.889,87,97.12732919
DEU,1/6/2006,2.985682,87.1,97.47670807
DEU,1/7/2006,3.10219,87.5,96.19565217
DEU,1/8/2006,3.226478,87.4,96.89440994
DEU,1/9/2006,3.335381,87,95.38043478
DEU,1/10/2006,3.502,87.1,96.07919255
DEU,1/11/2006,3.597182,87,96.19565217
DEU,1/12/2006,3.684211,87.8,100.621118
DEU,1/1/2007,3.751864,87.6,94.56521739
DEU,1/2/2007,3.8182,88,96.54503106
DEU,1/3/2007,3.890909,88.2,96.42857143
DEU,1/4/2007,3.975263,88.6,99.10714286
DEU,1/5/2007,4.071363,88.7,94.21583851
DEU,1/6/2007,4.147762,88.8,95.38043478
DEU,1/7/2007,4.216182,89.3,95.38043478
DEU,1/8/2007,4.543609,89.1,95.38043478
DEU,1/9/2007,4.7417,89.3,95.61335404
DEU,1/10/2007,4.687391,89.4,95.49689441
DEU,1/11/2007,4.638546,89.9,94.44875776
DEU,1/12/2007,4.848369,90.5,94.68167702
DEU,1/1/2008,4.481545,90.2,95.61335404
DEU,1/2/2008,4.362095,90.6,96.54503106
DEU,1/3/2008,4.596368,91.1,94.68167702
DEU,1/4/2008,4.7835,90.9,94.91459627
DEU,1/5/2008,4.857381,91.5,94.68167702
DEU,1/6/2008,4.940524,91.8,94.09937888
DEU,1/7/2008,4.961,92.3,94.09937888
DEU,1/8/2008,4.96519,92,95.0310559
DEU,1/9/2008,5.019182,92,96.54503106
DEU,1/10/2008,5.113087,91.7,95.26397516
DEU,1/11/2008,4.2383,91.2,96.07919255
DEU,1/12/2008,3.292619,91.5,95.84627329
DEU,1/1/2009,2.456524,91.1,92.93478261
DEU,1/2/2009,1.94305,91.6,92.58540373
DEU,1/3/2009,1.635455,91.4,92.58540373
DEU,1/4/2009,1.4223,91.5,94.68167702
DEU,1/5/2009,1.2817,91.4,92.11956522
DEU,1/6/2009,1.227909,91.8,90.60559006
DEU,1/7/2009,0.9749565,91.7,92.4689441
DEU,1/8/2009,0.8604762,92,91.53726708
DEU,1/9/2009,0.7720909,91.6,92.58540373
DEU,1/10/2009,0.7375,91.6,92.81832298
DEU,1/11/2009,0.7161905,91.5,93.28416149
DEU,1/12/2009,0.7120454,92.3,93.86645963
DEU,1/1/2010,0.67975,91.7,90.83850932
DEU,1/2/2010,0.6617,92,93.28416149
DEU,1/3/2010,0.6449565,92.5,93.86645963
DEU,1/4/2010,0.6447,92.4,93.40062112
DEU,1/5/2010,0.6865238,92.5,93.98291925
DEU,1/6/2010,0.7275909,92.6,94.56521739
DEU,1/7/2010,0.8488182,92.8,95.26397516
DEU,1/8/2010,0.8955,92.9,94.44875776
DEU,1/9/2010,0.8805,92.7,94.09937888
DEU,1/10/2010,0.9976667,92.8,93.98291925
DEU,1/11/2010,1.042045,92.9,93.98291925
DEU,1/12/2010,1.021696,94,93.75
DEU,1/1/2011,1.017238,93.5,93.86645963
DEU,1/2/2011,1.08675,94.1,96.07919255
DEU,1/3/2011,1.175522,94.7,93.63354037
DEU,1/4/2011,1.321211,94.9,95.14751553
DEU,1/5/2011,1.425091,94.8,92.58540373
DEU,1/6/2011,1.488591,94.8,95.0310559
DEU,1/7/2011,1.597619,95.2,95.38043478
DEU,1/8/2011,1.552087,95.2,95.38043478
DEU,1/9/2011,1.536455,95.3,95.0310559
DEU,1/10/2011,1.575857,95.4,95.49689441
DEU,1/11/2011,1.484682,95.4,94.79813665
DEU,1/12/2011,1.426095,96.1,94.79813665
DEU,1/1/2012,1.222227,95.7,93.28416149
DEU,1/2/2012,1.048286,96.5,94.56521739
DEU,1/3/2012,0.8584545,96.9,95.0310559
DEU,1/4/2012,0.7443158,97,95.14751553
DEU,1/5/2012,0.6849091,96.8,94.79813665
DEU,1/6/2012,0.6588572,96.6,95.72981366
DEU,1/7/2012,0.4970455,97,94.68167702
DEU,1/8/2012,0.3323913,97.4,94.79813665
DEU,1/9/2012,0.2463,97.4,95.26397516
DEU,1/10/2012,0.207913,97.4,94.91459627
DEU,1/11/2012,0.192,97.2,94.44875776
DEU,1/12/2012,0.1854737,98.1,94.79813665
DEU,1/1/2013,0.2049091,97.5,95.0310559
DEU,1/2/2013,0.22335,98.2,94.68167702
DEU,1/3/2013,0.20605,98.7,95.38043478
DEU,1/4/2013,0.2089048,98.1,94.68167702
DEU,1/5/2013,0.2012273,98.3,95.38043478
DEU,1/6/2013,0.21025,98.5,94.68167702
DEU,1/7/2013,0.2214348,98.9,95.26397516
DEU,1/8/2013,0.2258636,98.9,95.14751553
DEU,1/9/2013,0.2232381,98.9,95.72981366
DEU,1/10/2013,0.2258261,98.6,95.26397516
DEU,1/11/2013,0.223381,98.8,96.3121118
DEU,1/12/2013,0.2735,99.3,95.61335404
DEU,1/1/2014,0.2920454,98.6,95.61335404
DEU,1/2/2014,0.2881,99.2,96.19565217
DEU,1/3/2014,0.3053333,99.4,96.77795031
DEU,1/4/2014,0.32975,99.2,96.19565217
DEU,1/5/2014,0.3245714,99,95.49689441
DEU,1/6/2014,0.2414286,99.4,96.77795031
DEU,1/7/2014,0.2050435,99.6,95.38043478
DEU,1/8/2014,0.1915714,99.7,96.89440994
DEU,1/9/2014,0.09709091,99.7,95.96273292
DEU,1/10/2014,0.08260869,99.3,96.89440994
DEU,1/11/2014,0.0809,99.3,96.66149068
DEU,1/12/2014,0.08090476,99.4,98.05900621
DEU,1/1/2015,0.06266667,98.1,98.40838509
DEU,1/2/2015,0.0482,99,98.40838509
DEU,1/3/2015,0.02718182,99.7,98.17546584
DEU,1/4/2015,0.0047,100.2,98.8742236
DEU,1/5/2015,-0.01036842,100.6,100.1552795
DEU,1/6/2015,-0.01390909,100.5,99.45652174
DEU,1/7/2015,-0.01873913,100.9,100.8540373
DEU,1/8/2015,-0.02766667,100.8,100.2717391
DEU,1/9/2015,-0.03704545,100.5,100.9704969
DEU,1/10/2015,-0.05359091,100.5,100.7375776
DEU,1/11/2015,-0.08761905,99.5,100.3881988
DEU,1/12/2015,-0.1263182,99.6,103.2996894
DEU,1/1/2016,-0.14615,98.5,101.6692547
DEU,1/2/2016,-0.1835714,98.9,101.3198758
DEU,1/3/2016,-0.2285238,99.8,100.621118
DEU,1/4/2016,-0.2491905,99.9,100.621118
DEU,1/5/2016,-0.2571818,100.5,101.0869565
DEU,1/6/2016,-0.2679091,100.6,100.7375776
DEU,1/7/2016,-0.2945238,101.2,102.0186335
DEU,1/8/2016,-0.2982174,101.1,102.3680124
DEU,1/9/2016,-0.3016364,101.1,101.4363354
DEU,1/10/2016,-0.309,101.2,104.5807453
DEU,1/11/2016,-0.3126818,100.3,102.2515528
DEU,1/12/2016,-0.3157619,101.2,105.628882
DEU,1/1/2017,-0.3255455,100.2,102.9503106
DEU,1/2/2017,-0.3286,101,103.2996894
DEU,1/3/2017,-0.3293478,101.3,105.9782609
DEU,1/4/2017,-0.3303889,101.9,104.5807453
DEU,1/5/2017,-0.3294545,101.8,105.5124224
DEU,1/6/2017,-0.33,102.3,105.7453416
DEU,1/7/2017,-0.3304286,102.9,105.7453416
DEU,1/8/2017,-0.329087,103,105.0465839
DEU,1/9/2017,-0.329381,103,107.3757764
DEU,1/10/2017,-0.3295455,102.7,105.5124224
DEU,1/11/2017,-0.329,102,106.4440994
DEU,1/12/2017,-0.3278947,102.7,109.1226708
DEU,1/1/2018,-0.3284546,101.7,105.7453416
DEU,1/2/2018,-0.3285,102.2,104.697205
DEU,1/3/2018,-0.3279048,103,106.560559
DEU,1/4/2018,-0.32845,103.2,108.7732919
DEU,1/5/2018,-0.3252273,104.3,106.9099379
DEU,1/6/2018,-0.3220476,104.4,107.7251553
DEU,1/7/2018,-0.3207273,105.2,107.7251553
DEU,1/8/2018,-0.319,105.2,107.3757764
DEU,1/9/2018,-0.31885,105.3,107.6086957
DEU,1/10/2018,-0.3176956,105.4,108.1909938
DEU,1/11/2018,-0.3163636,104.2,108.1909938
DEU,1/12/2018,-0.3118947,104.4,108.6568323
DEU,1/1/2019,-0.308,103.4,109.7049689
DEU,1/2/2019,-0.30845,103.9,110.0543478
DEU,1/3/2019,-0.3091905,104.4,110.5201863
DEU,1/4/2019,-0.31045,105.4,110.8695652
DEU,1/5/2019,-0.3118636,105.7,108.5403727
DEU,1/6/2019,-0.3289,106,111.9177019
DEU,1/7/2019,-0.3648696,106.4,111.4518634
DEU,1/8/2019,-0.4076818,106.3,111.1024845
DEU,1/9/2019,-0.4175714,106.2,112.0341615
DEU,1/10/2019,-0.4128696,106.3,110.8695652
DEU,1/11/2019,-0.4012857,105.4,111.568323
DEU,1/12/2019,-0.3947,106,112.1506211
DEU,1/1/2020,-0.3911364,105.1,112.3835404
DEU,1/2/2020,-0.40885,105.7,112.7329193
DEU,1/3/2020,-0.4166364,105.8,111.4518634
DEU,1/4/2020,-0.25405,106.2,105.3959627
DEU,1/5/2020,-0.27195,106.2,117.3913043
DEU,1/6/2020,-0.376,106.9,116.6925466
DEU,1/7/2020,-0.4441304,106.4,117.0419255
DEU,1/8/2020,-0.4797143,106.2,119.0217391
DEU,1/9/2020,-0.4913636,105.8,118.2065217
DEU,1/10/2020,-0.5091364,105.8,121.0015528
DEU,1/11/2020,-0.5208572,104.7,122.0496894
DEU,1/12/2020,-0.5380909,105.3,116.3431677
DEU,1/1/2021,-0.54715,106.8,105.5124224
DEU,1/2/2021,-0.5411,107.4,108.7732919
DEU,1/3/2021,-0.5390869,107.9,119.9534161
DEU,1/4/2021,-0.53815,108.4,112.9658385
DEU,1/5/2021,-0.5400952,108.7,116.8090062
DEU,1/6/2021,-0.5429091,109.1,122.6319876
DEU,1/7/2021,-0.5448182,109.7,116.9254658
DEU,1/8/2021,-0.5475909,109.8,118.9052795
DEU,1/9/2021,-0.5450454,110.1,116.4596273
DEU,1/10/2021,-0.5498095,110.7,118.6723602
DEU,1/11/2021,-0.5673636,111,120.8850932
DEU,1/12/2021,-0.5819565,111.3,118.9052795
DEU,1/1/2022,-0.5601429,112.3,120.5357143
DEU,1/2/2022,-0.5315,113.3,120.7686335
DEU,1/3/2022,-0.4954348,116.1,120.302795
DEU,1/4/2022,-0.4478947,116.9,116.4596273
DEU,1/5/2022,-0.3857273,118.2,116.2267081
DEU,1/6/2022,-0.2392273,118.1,113.431677
DEU,1/7/2022,0.03661905,119,115.0621118
DEU,1/8/2022,0.3947391,119.5,114.363354
DEU,1/9/2022,1.010864,122.1,115.7608696
DEU,1/10/2022,1.427667,123.5,112.3835404
DEU,1/11/2022,1.825227,123.5,113.3152174
DEU,1/12/2022,2.063476,122,112.0341615
DEU,1/1/2023,2.344864,122.6,112.7329193
DEU,1/2/2023,2.64035,123.8,112.7329193
DEU,1/3/2023,2.910565,125.1,110.8695652
DEU,1/4/2023,3.167,125.8,111.568323
DEU,1/5/2023,3.366435,125.6,114.2468944
DEU,1/6/2023,3.535864,126.1,112.9658385
DEU,1/7/2023,3.671809,126.7,112.9658385
DEU,1/8/2023,3.780304,127.2,111.6847826
DEU,1/9/2023,3.880048,127.4,111.2189441
DEU,1/10/2023,3.967636,127.2,112.2670807
DEU,1/11/2023,3.971636,126.3,111.4518634
DEU,1/12/2023,3.933095,126.6,111.568323
DEU,1/1/2024,3.925273,126.4,111.568323
DEU,1/2/2024,3.923191,127.2,110.636646
USA,1/1/2003,1.29,76.45,87.97068951
USA,1/2/2003,1.27,77.17,86.15765409
USA,1/3/2003,1.23,77.73,87.53280876
USA,1/4/2003,1.24,77.5,87.67240635
USA,1/5/2003,1.22,77.28,87.8523549
USA,1/6/2003,1.04,77.39,88.76930972
USA,1/7/2003,1.05,77.39,89.45331922
USA,1/8/2003,1.08,77.72,90.53061868
USA,1/9/2003,1.08,78.09,89.75663383
USA,1/10/2003,1.1,77.91,89.32326489
USA,1/11/2003,1.11,77.67,90.42692987
USA,1/12/2003,1.1,77.56,89.93404878
USA,1/1/2004,1.06,77.96,89.97884083
USA,1/2/2004,1.05,78.44,90.44853444
USA,1/3/2004,1.05,78.89,91.95309268
USA,1/4/2004,1.08,79.15,90.76041382
USA,1/5/2004,1.2,79.71,92.06101656
USA,1/6/2004,1.46,79.99,90.41608487
USA,1/7/2004,1.57,79.75,91.33873606
USA,1/8/2004,1.68,79.75,91.4699303
USA,1/9/2004,1.86,79.99,92.85169749
USA,1/10/2004,2.04,80.53,92.95186714
USA,1/11/2004,2.26,80.68,92.87036042
USA,1/12/2004,2.45,80.3,93.98580922
USA,1/1/2005,2.61,80.36,93.41003557
USA,1/2/2005,2.77,80.79,93.81379093
USA,1/3/2005,2.97,81.4,93.46406169
USA,1/4/2005,3.09,82.15,94.64397642
USA,1/5/2005,3.22,82.11,93.7525773
USA,1/6/2005,3.38,82.09,96.12084938
USA,1/7/2005,3.57,82.44,96.92034025
USA,1/8/2005,3.77,83.01,94.87979438
USA,1/9/2005,3.87,84.52,93.74657174
USA,1/10/2005,4.13,84.61,93.89992412
USA,1/11/2005,4.31,83.75,95.11386101
USA,1/12/2005,4.45,83.25,95.1787835
USA,1/1/2006,4.56,83.95,97.34950326
USA,1/2/2006,4.72,84.02,96.43536782
USA,1/3/2006,4.88,84.45,96.70640403
USA,1/4/2006,5.03,85.27,96.81057418
USA,1/5/2006,5.15,85.76,95.94401868
USA,1/6/2006,5.35,85.87,96.14944488
USA,1/7/2006,5.46,86.04,96.37519543
USA,1/8/2006,5.38,86.23,95.92334818
USA,1/9/2006,5.34,85.68,95.77935234
USA,1/10/2006,5.33,84.95,96.15153282
USA,1/11/2006,5.32,84.77,96.29464261
USA,1/12/2006,5.32,84.92,97.05734418
USA,1/1/2007,5.32,85.09,96.61237413
USA,1/2/2007,5.31,85.53,96.56135724
USA,1/3/2007,5.3,86.46,96.93979213
USA,1/4/2007,5.31,87.13,96.16672105
USA,1/5/2007,5.31,87.83,97.17050741
USA,1/6/2007,5.33,87.92,96.16782563
USA,1/7/2007,5.32,87.77,96.36772946
USA,1/8/2007,5.49,87.53,96.67807514
USA,1/9/2007,5.46,87.88,97.16492017
USA,1/10/2007,5.08,88.09,96.9171093
USA,1/11/2007,4.97,88.82,97.07840262
USA,1/12/2007,5.02,88.72,95.87584208
USA,1/1/2008,3.84,89.14,95.71467812
USA,1/2/2008,3.06,89.38,94.64910529
USA,1/3/2008,2.79,90.28,94.41864905
USA,1/4/2008,2.85,91.01,94.64503513
USA,1/5/2008,2.66,92.04,94.41807363
USA,1/6/2008,2.76,93.16,93.83696106
USA,1/7/2008,2.79,93.7,92.67024579
USA,1/8/2008,2.79,93.22,92.23842718
USA,1/9/2008,3.59,93.08,90.25899359
USA,1/10/2008,4.32,91.82,87.45851035
USA,1/11/2008,2.36,89.49,85.53561637
USA,1/12/2008,1.77,88.29,83.83606183
USA,1/1/2009,1.02,88.67,84.97112297
USA,1/2/2009,1.16,89.2,84.49517602
USA,1/3/2009,1.07,89.4,83.13627394
USA,1/4/2009,0.89,89.66,83.2710365
USA,1/5/2009,0.57,90.02,84.18803169
USA,1/6/2009,0.39,91.01,84.7197511
USA,1/7/2009,0.35,90.81,85.14411961
USA,1/8/2009,0.3,91.09,86.8204442
USA,1/9/2009,0.25,91.26,84.26071224
USA,1/10/2009,0.24,91.38,84.7796446
USA,1/11/2009,0.21,91.62,85.40495704
USA,1/12/2009,0.22,91.45,85.72665484
USA,1/1/2010,0.2,91.88,85.88136558
USA,1/2/2010,0.19,91.93,85.79529027
USA,1/3/2010,0.23,92.46,87.82958376
USA,1/4/2010,0.3,92.68,88.34650621
USA,1/5/2010,0.45,92.78,87.82628397
USA,1/6/2010,0.52,92.64,87.69872125
USA,1/7/2010,0.41,92.66,87.64446443
USA,1/8/2010,0.32,92.81,88.08109253
USA,1/9/2010,0.28,92.88,88.69649629
USA,1/10/2010,0.27,93,89.78533397
USA,1/11/2010,0.27,93.01,90.1216538
USA,1/12/2010,0.3,93.19,90.43714841
USA,1/1/2011,0.29,93.75,90.94743742
USA,1/2/2011,0.28,94.32,91.20203888
USA,1/3/2011,0.28,95.52,91.60509465
USA,1/4/2011,0.23,96.32,91.72151967
USA,1/5/2011,0.21,96.9,91.34800663
USA,1/6/2011,0.22,96.71,91.92946305
USA,1/7/2011,0.24,96.76,91.9681369
USA,1/8/2011,0.29,97.04,91.6271083
USA,1/9/2011,0.33,97.2,92.20832325
USA,1/10/2011,0.37,96.86,93.24153371
USA,1/11/2011,0.41,96.7,93.32485115
USA,1/12/2011,0.49,96.33,93.05034638
USA,1/1/2012,0.4,96.82,93.62658942
USA,1/2/2012,0.3,97.35,94.65398612
USA,1/3/2012,0.29,98.24,94.84367055
USA,1/4/2012,0.29,98.56,94.26869036
USA,1/5/2012,0.29,98.39,94.39757837
USA,1/6/2012,0.32,98.17,93.41975747
USA,1/7/2012,0.3,98.09,93.97171449
USA,1/8/2012,0.26,98.64,94.73040886
USA,1/9/2012,0.24,99.14,95.38387187
USA,1/10/2012,0.23,99.03,95.09075035
USA,1/11/2012,0.23,98.37,95.59610003
USA,1/12/2012,0.24,97.99,95.86161752
USA,1/1/2013,0.23,98.3,96.4085634
USA,1/2/2013,0.22,99.28,97.03550327
USA,1/3/2013,0.21,99.57,96.33448499
USA,1/4/2013,0.2,99.39,96.51478984
USA,1/5/2013,0.2,99.57,97.17717435
USA,1/6/2013,0.19,99.82,97.58321254
USA,1/7/2013,0.14,99.83,97.9236289
USA,1/8/2013,0.12,99.89,97.36630791
USA,1/9/2013,0.11,99.97,97.63970745
USA,1/10/2013,0.12,99.56,98.06843267
USA,1/11/2013,0.12,99.21,97.73127862
USA,1/12/2013,0.14,99.12,98.10187834
USA,1/1/2014,0.12,99.54,96.80001947
USA,1/2/2014,0.13,99.97,97.83637877
USA,1/3/2014,0.12,100.74,99.06774057
USA,1/4/2014,0.12,101.13,99.15636274
USA,1/5/2014,0.11,101.54,99.31631382
USA,1/6/2014,0.11,101.73,99.5797188
USA,1/7/2014,0.13,101.6,99.70285247
USA,1/8/2014,0.13,101.3,100.2988904
USA,1/9/2014,0.12,101.32,100.0826728
USA,1/10/2014,0.12,100.9,100.2905543
USA,1/11/2014,0.13,100.09,100.8684917
USA,1/12/2014,0.15,99.29,100.0183124
USA,1/1/2015,0.16,98.6,99.76502847
USA,1/2/2015,0.15,99.1,98.96554549
USA,1/3/2015,0.14,99.8,99.48942176
USA,1/4/2015,0.13,99.99,99.47028046
USA,1/5/2015,0.15,100.61,100.0123509
USA,1/6/2015,0.18,100.96,99.90698306
USA,1/7/2015,0.19,100.88,100.4662975
USA,1/8/2015,0.26,100.6,100.4028419
USA,1/9/2015,0.27,100.29,100.2734796
USA,1/10/2015,0.25,100.14,99.81260266
USA,1/11/2015,0.3,99.77,100.0305918
USA,1/12/2015,0.54,99.25,100.3829771
USA,1/1/2016,0.57,99.37,99.98343342
USA,1/2/2016,0.54,99.4,100.8187418
USA,1/3/2016,0.55,99.9,100.1788043
USA,1/4/2016,0.55,100.44,100.3329002
USA,1/5/2016,0.57,100.88,100.4086021
USA,1/6/2016,0.55,101.21,101.2554541
USA,1/7/2016,0.62,100.89,101.24741
USA,1/8/2016,0.73,100.9,101.0815136
USA,1/9/2016,0.75,101.1,101.2616054
USA,1/10/2016,0.72,101.16,101.4125158
USA,1/11/2016,0.71,100.83,100.9648234
USA,1/12/2016,0.87,100.79,102.1563449
USA,1/1/2017,0.9,101.5,102.6979563
USA,1/2/2017,0.87,101.85,102.2294874
USA,1/3/2017,0.98,101.91,102.0688039
USA,1/4/2017,1.03,102.26,102.6894481
USA,1/5/2017,1.05,102.32,102.2155472
USA,1/6/2017,1.16,102.35,102.6589905
USA,1/7/2017,1.22,102.16,102.7695573
USA,1/8/2017,1.25,102.44,102.5407617
USA,1/9/2017,1.25,103.07,104.2683163
USA,1/10/2017,1.26,102.86,104.4582984
USA,1/11/2017,1.32,102.77,104.922818
USA,1/12/2017,1.54,102.58,105.1843609
USA,1/1/2018,1.63,103.23,102.2021817
USA,1/2/2018,1.78,103.79,102.4829198
USA,1/3/2018,2.08,104.01,102.3620726
USA,1/4/2018,2.2,104.47,102.2911964
USA,1/5/2018,2.16,104.96,103.6042441
USA,1/6/2018,2.19,105.09,102.9526376
USA,1/7/2018,2.17,105.01,103.3656122
USA,1/8/2018,2.19,104.99,103.1718809
USA,1/9/2018,2.24,105.08,102.8182284
USA,1/10/2018,2.37,105.21,103.6376922
USA,1/11/2018,2.56,104.65,104.3574086
USA,1/12/2018,2.69,104.15,101.9844318
USA,1/1/2019,2.59,104.34,102.3802911
USA,1/2/2019,2.49,104.83,102.2988499
USA,1/3/2019,2.48,105.51,103.568369
USA,1/4/2019,2.47,106.14,103.0718936
USA,1/5/2019,2.44,106.36,104.1714746
USA,1/6/2019,2.3,106.29,104.1116302
USA,1/7/2019,2.22,106.44,104.6209038
USA,1/8/2019,2.06,106.34,105.2799375
USA,1/9/2019,2.03,106.36,104.189145
USA,1/10/2019,1.88,106.59,104.1459367
USA,1/11/2019,1.77,106.42,104.6489461
USA,1/12/2019,1.76,106.22,104.4851918
USA,1/1/2020,1.65,106.66,103.851318
USA,1/2/2020,1.59,106.98,103.8479462
USA,1/3/2020,1.35,106.61,98.02860647
USA,1/4/2020,1.35,105.64,86.92017242
USA,1/5/2020,0.17,105.57,102.8947802
USA,1/6/2020,0.2,106.29,108.9083553
USA,1/7/2020,0.18,106.92,109.7688483
USA,1/8/2020,0.15,107.3,109.7832822
USA,1/9/2020,0.13,107.46,111.5774851
USA,1/10/2020,0.12,107.44,110.9918209
USA,1/11/2020,0.16,107.33,110.1217451
USA,1/12/2020,0.17,107.42,111.450141
USA,1/1/2021,0.14,107.96,114.7803599
USA,1/2/2021,0.11,108.66,111.4552491
USA,1/3/2021,0.1,109.6,122.4470493
USA,1/4/2021,0.11,110.71,122.2147577
USA,1/5/2021,0.1,111.77,120.1485652
USA,1/6/2021,0.09,113,119.9161003
USA,1/7/2021,0.1,113.6,116.8099798
USA,1/8/2021,0.1,113.81,117.3272028
USA,1/9/2021,0.1,114.06,117.7332487
USA,1/10/2021,0.11,115.12,118.5252205
USA,1/11/2021,0.14,115.7,118.7823409
USA,1/12/2021,0.17,116.02,117.1295894
USA,1/1/2022,0.22,117.14,119.1708628
USA,1/2/2022,0.38,118.38,119.0838123
USA,1/3/2022,0.73,120.29,120.1037324
USA,1/4/2022,0.91,121.01,120.9845995
USA,1/5/2022,1.33,122.53,119.6294156
USA,1/6/2022,1.87,124.45,119.2631408
USA,1/7/2022,2.5,124.2,118.0350312
USA,1/8/2022,2.76,123.88,118.339023
USA,1/9/2022,3.21,123.93,117.481588
USA,1/10/2022,3.85,124.33,117.9887144
USA,1/11/2022,4.46,123.91,115.9604179
USA,1/12/2022,4.51,123.13,114.4660433
USA,1/1/2023,4.61,124.11,118.4077755
USA,1/2/2023,4.74,124.7,116.8511379
USA,1/3/2023,4.91,124.94,115.3214467
USA,1/4/2023,5.03,125.63,115.8632999
USA,1/5/2023,5.15,125.8,116.1662609
USA,1/6/2023,5.22,126.15,116.3383015
USA,1/7/2023,5.35,126.28,116.2570429
USA,1/8/2023,5.44,126.94,116.843598
USA,1/9/2023,5.49,127.12,117.1098968
USA,1/10/2023,5.46,126.97,116.3318987
USA,1/11/2023,5.41,126.49,115.7876346
USA,1/12/2023,5.32,126.16,115.6787311
USA,1/1/2024,5.26,126.92,114.252788
USA,1/2/2024,5.22,127.49,114.6252333
FRA,1/1/2003,2.831818,81.87,73.41797461
FRA,1/2/2003,2.68745,82.51,73.89783065
FRA,1/3/2003,2.529952,82.85,73.53793862
FRA,1/4/2003,2.53335,82.72,74.37768669
FRA,1/5/2003,2.400524,82.67,73.65790263
FRA,1/6/2003,2.151857,82.83,73.17804659
FRA,1/7/2003,2.130044,82.73,73.41797461
FRA,1/8/2003,2.140429,82.94,74.25772268
FRA,1/9/2003,2.147318,83.3,74.73757873
FRA,1/10/2003,2.143565,83.48,75.93721883
FRA,1/11/2003,2.15905,83.56,72.57822653
FRA,1/12/2003,2.146333,83.66,74.25772268
FRA,1/1/2004,2.089476,83.68,75.5773268
FRA,1/2/2004,2.07055,84.06,74.01779466
FRA,1/3/2004,2.028826,84.44,75.21743477
FRA,1/4/2004,2.04875,84.67,75.45736279
FRA,1/5/2004,2.085857,85.01,75.45736279
FRA,1/6/2004,2.112682,85.04,76.41707488
FRA,1/7/2004,2.116045,84.87,75.21743477
FRA,1/8/2004,2.114273,85.08,75.33739878
FRA,1/9/2004,2.118591,85.16,76.29711087
FRA,1/10/2004,2.147333,85.39,76.17714686
FRA,1/11/2004,2.170318,85.43,75.93721883
FRA,1/12/2004,2.173174,85.54,77.49675097
FRA,1/1/2005,2.145429,85.06,77.85664301
FRA,1/2/2005,2.13835,85.63,78.09657103
FRA,1/3/2005,2.137191,86.22,78.69639108
FRA,1/4/2005,2.137238,86.37,77.97660702
FRA,1/5/2005,2.125636,86.43,77.97660702
FRA,1/6/2005,2.111045,86.54,78.33649905
FRA,1/7/2005,2.119429,86.39,77.736679
FRA,1/8/2005,2.132478,86.75,78.57642707
FRA,1/9/2005,2.139136,87.13,78.9363191
FRA,1/10/2005,2.196619,87.12,78.81635509
FRA,1/11/2005,2.360864,86.93,80.0159952
FRA,1/12/2005,2.472857,87.04,80.13595921
FRA,1/1/2006,2.511682,86.97,79.89603119
FRA,1/2/2006,2.60035,87.31,80.13595921
FRA,1/3/2006,2.722609,87.69,80.0159952
FRA,1/4/2006,2.793778,88.08,80.61581526
FRA,1/5/2006,2.889,88.46,80.61581526
FRA,1/6/2006,2.985682,88.46,81.0956713
FRA,1/7/2006,3.10219,88.29,81.57552734
FRA,1/8/2006,3.226478,88.58,81.33559932
FRA,1/9/2006,3.335381,88.4,81.21563531
FRA,1/10/2006,3.502,88.19,81.57552734
FRA,1/11/2006,3.597182,88.3,82.53523943
FRA,1/12/2006,3.684211,88.51,82.05538338
FRA,1/1/2007,3.751864,88.17,82.41527542
FRA,1/2/2007,3.8182,88.36,83.13505948
FRA,1/3/2007,3.890909,88.77,84.21473558
FRA,1/4/2007,3.975263,89.25,84.21473558
FRA,1/5/2007,4.071363,89.48,82.89513146
FRA,1/6/2007,4.147762,89.61,84.4546636
FRA,1/7/2007,4.216182,89.32,85.41437569
FRA,1/8/2007,4.543609,89.7,84.69459162
FRA,1/9/2007,4.7417,89.83,84.33469959
FRA,1/10/2007,4.687391,90.08,85.29441168
FRA,1/11/2007,4.638546,90.62,85.05448365
FRA,1/12/2007,4.848369,90.99,84.93451964
FRA,1/1/2008,4.481545,90.98,85.29441168
FRA,1/2/2008,4.362095,91.18,85.17444767
FRA,1/3/2008,4.596368,91.91,84.21473558
FRA,1/4/2008,4.7835,92.26,84.4546636
FRA,1/5/2008,4.857381,92.79,85.17444767
FRA,1/6/2008,4.940524,93.18,84.81455563
FRA,1/7/2008,4.961,92.93,84.33469959
FRA,1/8/2008,4.96519,92.87,85.29441168
FRA,1/9/2008,5.019182,92.84,85.5343397
FRA,1/10/2008,5.113087,92.79,84.57462761
FRA,1/11/2008,4.2383,92.32,85.41437569
FRA,1/12/2008,3.292619,92.07,85.65430371
FRA,1/1/2009,2.456524,91.67,86.25412376
FRA,1/2/2009,1.94305,92.06,84.69459162
FRA,1/3/2009,1.635455,92.24,84.4546636
FRA,1/4/2009,1.4223,92.39,85.41437569
FRA,1/5/2009,1.2817,92.52,85.05448365
FRA,1/6/2009,1.227909,92.65,86.49405178
FRA,1/7/2009,0.9749565,92.19,85.29441168
FRA,1/8/2009,0.8604762,92.7,85.29441168
FRA,1/9/2009,0.7720909,92.49,85.77426772
FRA,1/10/2009,0.7375,92.59,86.25412376
FRA,1/11/2009,0.7161905,92.74,85.65430371
FRA,1/12/2009,0.7120454,93.01,87.21383585
FRA,1/1/2010,0.67975,92.79,86.01419574
FRA,1/2/2010,0.6617,93.36,86.73397981
FRA,1/3/2010,0.6449565,93.85,87.69369189
FRA,1/4/2010,0.6447,94.14,88.05358392
FRA,1/5/2010,0.6865238,94.27,88.65340398
FRA,1/6/2010,0.7275909,94.26,87.33379986
FRA,1/7/2010,0.8488182,93.95,89.01329601
FRA,1/8/2010,0.8955,94.19,88.77336799
FRA,1/9/2010,0.8805,94.15,89.37318804
FRA,1/10/2010,0.9976667,94.29,89.01329601
FRA,1/11/2010,1.042045,94.41,90.21293612
FRA,1/12/2010,1.021696,94.88,90.57282815
FRA,1/1/2011,1.017238,94.6,90.57282815
FRA,1/2/2011,1.08675,95.07,91.65250425
FRA,1/3/2011,1.175522,95.9,91.17264821
FRA,1/4/2011,1.321211,96.24,92.13236029
FRA,1/5/2011,1.425091,96.31,90.45286414
FRA,1/6/2011,1.488591,96.39,91.29261222
FRA,1/7/2011,1.597619,95.91,91.17264821
FRA,1/8/2011,1.552087,96.46,90.93272018
FRA,1/9/2011,1.536455,96.43,91.77246826
FRA,1/10/2011,1.575857,96.69,91.89243227
FRA,1/11/2011,1.484682,96.99,92.13236029
FRA,1/12/2011,1.426095,97.41,91.65250425
FRA,1/1/2012,1.222227,97.03,92.37228831
FRA,1/2/2012,1.048286,97.49,93.21203639
FRA,1/3/2012,0.8584545,98.39,94.05178446
FRA,1/4/2012,0.7443158,98.56,91.65250425
FRA,1/5/2012,0.6849091,98.51,92.85214436
FRA,1/6/2012,0.6588572,98.56,93.69189243
FRA,1/7/2012,0.4970455,98.05,94.17174848
FRA,1/8/2012,0.3323913,98.76,93.09207238
FRA,1/9/2012,0.2463,98.51,93.69189243
FRA,1/10/2012,0.207913,98.71,93.93182045
FRA,1/11/2012,0.192,98.54,93.45196441
FRA,1/12/2012,0.1854737,98.9,93.69189243
FRA,1/1/2013,0.2049091,98.34,94.17174848
FRA,1/2/2013,0.22335,98.65,94.29171249
FRA,1/3/2013,0.20605,99.46,94.29171249
FRA,1/4/2013,0.2089048,99.35,94.77156853
FRA,1/5/2013,0.2012273,99.39,95.01149655
FRA,1/6/2013,0.21025,99.57,94.17174848
FRA,1/7/2013,0.2214348,99.22,95.49135259
FRA,1/8/2013,0.2258636,99.72,95.85124463
FRA,1/9/2013,0.2232381,99.52,95.01149655
FRA,1/10/2013,0.2258261,99.39,95.37138858
FRA,1/11/2013,0.223381,99.35,96.21113666
FRA,1/12/2013,0.2735,99.73,95.49135259
FRA,1/1/2014,0.2920454,99.09,95.97120864
FRA,1/2/2014,0.2881,99.7,95.37138858
FRA,1/3/2014,0.3053333,100.21,96.57102869
FRA,1/4/2014,0.32975,100.18,96.09117265
FRA,1/5/2014,0.3245714,100.21,95.97120864
FRA,1/6/2014,0.2414286,100.16,96.33110067
FRA,1/7/2014,0.2050435,99.78,96.09117265
FRA,1/8/2014,0.1915714,100.26,97.29081276
FRA,1/9/2014,0.09709091,99.89,97.17084875
FRA,1/10/2014,0.08260869,99.92,97.05088473
FRA,1/11/2014,0.0809,99.75,97.17084875
FRA,1/12/2014,0.08090476,99.82,98.13056083
FRA,1/1/2015,0.06266667,98.7,98.97030891
FRA,1/2/2015,0.0482,99.42,98.37048885
FRA,1/3/2015,0.02718182,100.17,97.89063281
FRA,1/4/2015,0.0047,100.3,99.45016495
FRA,1/5/2015,-0.01036842,100.56,100.289913
FRA,1/6/2015,-0.01390909,100.49,100.169949
FRA,1/7/2015,-0.01873913,100,100.169949
FRA,1/8/2015,-0.02766667,100.36,101.6095171
FRA,1/9/2015,-0.03704545,99.99,101.7294812
FRA,1/10/2015,-0.05359091,100.07,101.1296611
FRA,1/11/2015,-0.08761905,99.86,98.8503449
FRA,1/12/2015,-0.1263182,100.09,102.6891932
FRA,1/1/2016,-0.14615,99.02,102.8091573
FRA,1/2/2016,-0.1835714,99.31,103.1690493
FRA,1/3/2016,-0.2285238,100.09,102.2093372
FRA,1/4/2016,-0.2491905,100.18,102.5692292
FRA,1/5/2016,-0.2571818,100.65,102.9291213
FRA,1/6/2016,-0.2679091,100.8,102.4492652
FRA,1/7/2016,-0.2945238,100.39,103.0490853
FRA,1/8/2016,-0.2982174,100.74,102.6891932
FRA,1/9/2016,-0.3016364,100.5,103.1690493
FRA,1/10/2016,-0.309,100.54,104.4886534
FRA,1/11/2016,-0.3126818,100.55,103.7688693
FRA,1/12/2016,-0.3157619,100.9,104.6086174
FRA,1/1/2017,-0.3255455,100.57,105.0884735
FRA,1/2/2017,-0.3286,100.73,105.5683295
FRA,1/3/2017,-0.3293478,101.47,106.1681496
FRA,1/4/2017,-0.3303889,101.57,105.6882935
FRA,1/5/2017,-0.3294545,101.59,106.7679696
FRA,1/6/2017,-0.33,101.58,106.0481855
FRA,1/7/2017,-0.3304286,101.17,107.6077177
FRA,1/8/2017,-0.329087,101.74,105.6882935
FRA,1/9/2017,-0.329381,101.58,109.5271419
FRA,1/10/2017,-0.3295455,101.7,105.9282215
FRA,1/11/2017,-0.329,101.8,109.4071778
FRA,1/12/2017,-0.3278947,102.16,109.4071778
FRA,1/1/2018,-0.3284546,102.06,108.5674298
FRA,1/2/2018,-0.3285,102.05,109.1672498
FRA,1/3/2018,-0.3279048,103.22,110.0069979
FRA,1/4/2018,-0.32845,103.43,109.2872138
FRA,1/5/2018,-0.3252273,103.92,110.1269619
FRA,1/6/2018,-0.3220476,103.93,109.8870339
FRA,1/7/2018,-0.3207273,103.8,109.8870339
FRA,1/8/2018,-0.319,104.35,109.8870339
FRA,1/9/2018,-0.31885,104.12,110.2469259
FRA,1/10/2018,-0.3176956,104.24,110.846746
FRA,1/11/2018,-0.3163636,104,110.4868539
FRA,1/12/2018,-0.3118947,104.1,109.7670699
FRA,1/1/2019,-0.308,103.52,111.446566
FRA,1/2/2019,-0.30845,103.64,112.0463861
FRA,1/3/2019,-0.3091905,104.55,111.8064581
FRA,1/4/2019,-0.31045,104.93,112.1663501
FRA,1/5/2019,-0.3118636,105.06,111.9264221
FRA,1/6/2019,-0.3289,105.35,112.4062781
FRA,1/7/2019,-0.3648696,105.11,111.8064581
FRA,1/8/2019,-0.4076818,105.67,113.6059182
FRA,1/9/2019,-0.4175714,105.28,112.4062781
FRA,1/10/2019,-0.4128696,105.2,112.8861342
FRA,1/11/2019,-0.4012857,105.27,113.7258822
FRA,1/12/2019,-0.3947,105.78,113.7258822
FRA,1/1/2020,-0.3911364,105.24,114.3257023
FRA,1/2/2020,-0.40885,105.27,113.9658103
FRA,1/3/2020,-0.4166364,105.34,94.77156853
FRA,1/4/2020,-0.25405,105.32,77.49675097
FRA,1/5/2020,-0.27195,105.49,106.5280416
FRA,1/6/2020,-0.376,105.58,115.1654504
FRA,1/7/2020,-0.4441304,106.01,113.0060982
FRA,1/8/2020,-0.4797143,105.89,119.4841548
FRA,1/9/2020,-0.4913636,105.3,115.2854144
FRA,1/10/2020,-0.5091364,105.27,118.2845146
FRA,1/11/2020,-0.5208572,105.5,98.13056083
FRA,1/12/2020,-0.5380909,105.75,122.483255
FRA,1/1/2021,-0.54715,106.03,116.4850545
FRA,1/2/2021,-0.5411,106.07,117.4447666
FRA,1/3/2021,-0.5390869,106.8,117.8046586
FRA,1/4/2021,-0.53815,107.02,111.56653
FRA,1/5/2021,-0.5400952,107.38,118.8843347
FRA,1/6/2021,-0.5429091,107.57,121.5235429
FRA,1/7/2021,-0.5448182,107.64,121.6435069
FRA,1/8/2021,-0.5475909,108.38,121.763471
FRA,1/9/2021,-0.5450454,108.16,122.003399
FRA,1/10/2021,-0.5498095,108.64,123.3230031
FRA,1/11/2021,-0.5673636,109.09,123.4429671
FRA,1/12/2021,-0.5819565,109.34,123.9228232
FRA,1/1/2022,-0.5601429,109.51,123.2030391
FRA,1/2/2022,-0.5315,110.49,123.8028591
FRA,1/3/2022,-0.4954348,112.26,124.1627512
FRA,1/4/2022,-0.4478947,112.78,124.5226432
FRA,1/5/2022,-0.3857273,113.63,124.8825352
FRA,1/6/2022,-0.2392273,114.6,124.0427872
FRA,1/7/2022,0.03661905,114.94,122.003399
FRA,1/8/2022,0.3947391,115.49,123.2030391
FRA,1/9/2022,1.010864,114.9,125.8422473
FRA,1/10/2022,1.427667,116.32,123.5629311
FRA,1/11/2022,1.825227,116.81,122.363291
FRA,1/12/2022,2.063476,116.7,122.603219
FRA,1/1/2023,2.344864,117.22,121.883435
FRA,1/2/2023,2.64035,118.55,121.763471
FRA,1/3/2023,2.910565,119.76,121.5235429
FRA,1/4/2023,3.167,120.55,119.6041188
FRA,1/5/2023,3.366435,120.46,120.9237229
FRA,1/6/2023,3.535864,120.71,121.763471
FRA,1/7/2023,3.671809,120.77,122.603219
FRA,1/8/2023,3.780304,122.1,119.7240828
FRA,1/9/2023,3.880048,121.4,121.0436869
FRA,1/10/2023,3.967636,121.61,121.0436869
FRA,1/11/2023,3.971636,121.32,122.603219
FRA,1/12/2023,3.933095,121.49,122.363291
FRA,1/1/2024,3.925273,121.2,122.723183
FRA,1/2/2024,3.923191,122.35,123.6828951
ESP,1/1/2003,2.831818,76.94,120.1367581
ESP,1/2/2003,2.68745,77.07,121.1887438
ESP,1/3/2003,2.529952,77.65,120.6627509
ESP,1/4/2003,2.53335,78.3,121.9251337
ESP,1/5/2003,2.400524,78.24,122.8719208
ESP,1/6/2003,2.151857,78.3,123.292715
ESP,1/7/2003,2.130044,77.85,123.5031121
ESP,1/8/2003,2.140429,78.24,123.7135092
ESP,1/9/2003,2.147318,78.43,123.7135092
ESP,1/10/2003,2.143565,78.95,125.0810906
ESP,1/11/2003,2.15905,79.21,123.7135092
ESP,1/12/2003,2.146333,79.34,123.5031121
ESP,1/1/2004,2.089476,78.69,124.7654949
ESP,1/2/2004,2.07055,78.76,125.0810906
ESP,1/3/2004,2.028826,79.34,124.7654949
ESP,1/4/2004,2.04875,80.45,126.0278776
ESP,1/5/2004,2.085857,80.9,125.3966862
ESP,1/6/2004,2.112682,81.03,125.8174805
ESP,1/7/2004,2.116045,80.45,126.3434733
ESP,1/8/2004,2.114273,80.84,124.975892
ESP,1/9/2004,2.118591,80.97,125.3966862
ESP,1/10/2004,2.147333,81.81,126.2382747
ESP,1/11/2004,2.170318,82,127.6058561
ESP,1/12/2004,2.173174,81.94,126.5538704
ESP,1/1/2005,2.145429,81.16,127.3954589
ESP,1/2/2005,2.13835,81.35,127.3954589
ESP,1/3/2005,2.137191,82.07,127.2902604
ESP,1/4/2005,2.137238,83.24,127.9214517
ESP,1/5/2005,2.125636,83.37,127.3954589
ESP,1/6/2005,2.111045,83.63,127.6058561
ESP,1/7/2005,2.119429,83.11,126.3434733
ESP,1/8/2005,2.132478,83.5,126.2382747
ESP,1/9/2005,2.139136,84.02,127.2902604
ESP,1/10/2005,2.196619,84.67,126.9746647
ESP,1/11/2005,2.360864,84.8,127.5006575
ESP,1/12/2005,2.472857,84.99,127.2902604
ESP,1/1/2006,2.511682,84.6,128.1318489
ESP,1/2/2006,2.60035,84.66,128.342246
ESP,1/3/2006,2.722609,85.26,128.2370474
ESP,1/4/2006,2.793778,86.49,128.6578417
ESP,1/5/2006,2.889,86.8,128.9734374
ESP,1/6/2006,2.985682,86.94,129.0786359
ESP,1/7/2006,3.10219,86.45,129.289033
ESP,1/8/2006,3.226478,86.65,129.3942316
ESP,1/9/2006,3.335381,86.48,130.6566144
ESP,1/10/2006,3.502,86.84,131.0774086
ESP,1/11/2006,3.597182,87.05,132.0241957
ESP,1/12/2006,3.684211,87.3,132.4449899
ESP,1/1/2007,3.751864,86.67,131.3930043
ESP,1/2/2007,3.8182,86.73,132.655387
ESP,1/3/2007,3.890909,87.4,135.2853511
ESP,1/4/2007,3.975263,88.64,131.9189971
ESP,1/5/2007,4.071363,88.89,133.6021741
ESP,1/6/2007,4.147762,89.06,133.7073727
ESP,1/7/2007,4.216182,88.44,133.9177698
ESP,1/8/2007,4.543609,88.59,133.9177698
ESP,1/9/2007,4.7417,88.85,133.4969755
ESP,1/10/2007,4.687391,90,132.7605856
ESP,1/11/2007,4.638546,90.65,133.1813799
ESP,1/12/2007,4.848369,91.04,130.8670115
ESP,1/1/2008,4.481545,90.46,129.8150259
ESP,1/2/2008,4.362095,90.59,129.0786359
ESP,1/3/2008,4.596368,91.41,127.1850618
ESP,1/4/2008,4.7835,92.4,128.4474446
ESP,1/5/2008,4.857381,93.04,126.4486719
ESP,1/6/2008,4.940524,93.58,123.9239064
ESP,1/7/2008,4.961,93.15,124.975892
ESP,1/8/2008,4.96519,92.97,123.9239064
ESP,1/9/2008,5.019182,92.92,123.5031121
ESP,1/10/2008,5.113087,93.24,123.0823179
ESP,1/11/2008,4.2383,92.83,122.6615236
ESP,1/12/2008,3.292619,92.36,120.1367581
ESP,1/1/2009,2.456524,91.19,121.1887438
ESP,1/2/2009,1.94305,91.21,118.5587797
ESP,1/3/2009,1.635455,91.36,117.5067941
ESP,1/4/2009,1.4223,92.26,118.9795739
ESP,1/5/2009,1.2817,92.22,118.3483826
ESP,1/6/2009,1.227909,92.68,118.243184
ESP,1/7/2009,0.9749565,91.92,118.6639783
ESP,1/8/2009,0.8604762,92.29,118.1379854
ESP,1/9/2009,0.7720909,92.06,118.5587797
ESP,1/10/2009,0.7375,92.71,117.6119926
ESP,1/11/2009,0.7161905,93.21,117.4015955
ESP,1/12/2009,0.7120454,93.19,119.2951696
ESP,1/1/2010,0.67975,91.82,117.8223898
ESP,1/2/2010,0.6617,91.61,118.0327869
ESP,1/3/2010,0.6449565,93.8,119.926361
ESP,1/4/2010,0.6447,94.46,115.9288156
ESP,1/5/2010,0.6865238,94.49,117.5067941
ESP,1/6/2010,0.7275909,94.6,119.0847725
ESP,1/7/2010,0.8488182,93.54,114.5612343
ESP,1/8/2010,0.8955,93.75,114.6664329
ESP,1/9/2010,0.8805,94.61,114.1404401
ESP,1/10/2010,0.9976667,95.03,114.4560358
ESP,1/11/2010,1.042045,95.33,113.2988516
ESP,1/12/2010,1.021696,95.86,112.3520645
ESP,1/1/2011,1.017238,94.6,111.0896818
ESP,1/2/2011,1.08675,94.7,111.4052775
ESP,1/3/2011,1.175522,96.93,109.7221005
ESP,1/4/2011,1.321211,97.78,111.510476
ESP,1/5/2011,1.425091,97.66,109.6169019
ESP,1/6/2011,1.488591,97.48,108.9857105
ESP,1/7/2011,1.597619,96.34,109.1961077
ESP,1/8/2011,1.552087,96.31,107.197335
ESP,1/9/2011,1.536455,97.46,107.8285263
ESP,1/10/2011,1.575857,97.87,107.197335
ESP,1/11/2011,1.484682,98.09,105.4089594
ESP,1/12/2011,1.426095,98.11,105.3037608
ESP,1/1/2012,1.222227,96.48,106.9869378
ESP,1/2/2012,1.048286,96.51,104.5673709
ESP,1/3/2012,0.8584545,98.64,104.9881652
ESP,1/4/2012,0.7443158,99.71,101.3062155
ESP,1/5/2012,0.6849091,99.5,102.7789954
ESP,1/6/2012,0.6588572,99.26,102.4633997
ESP,1/7/2012,0.4970455,98.42,101.6218112
ESP,1/8/2012,0.3323913,98.92,103.3049882
ESP,1/9/2012,0.2463,100.83,93.20592619
ESP,1/10/2012,0.207913,101.29,94.25791181
ESP,1/11/2012,0.192,101.05,93.94231612
ESP,1/12/2012,0.1854737,101.06,94.36311037
ESP,1/1/2013,0.2049091,99.22,94.5735075
ESP,1/2/2013,0.22335,99.31,95.09950031
ESP,1/3/2013,0.20605,101.16,94.15271325
ESP,1/4/2013,0.2089048,101.23,94.67870606
ESP,1/5/2013,0.2012273,101.33,95.30989743
ESP,1/6/2013,0.21025,101.44,95.52029456
ESP,1/7/2013,0.2214348,100.29,95.83589024
ESP,1/8/2013,0.2258636,100.54,95.94108881
ESP,1/9/2013,0.2232381,101.32,95.30989743
ESP,1/10/2013,0.2258261,101.34,94.67870606
ESP,1/11/2013,0.223381,101.35,94.99430174
ESP,1/12/2013,0.2735,101.37,94.78390462
ESP,1/1/2014,0.2920454,99.49,94.36311037
ESP,1/2/2014,0.2881,99.36,95.09950031
ESP,1/3/2014,0.3053333,100.94,94.67870606
ESP,1/4/2014,0.32975,101.57,95.41509599
ESP,1/5/2014,0.3245714,101.54,95.73069168
ESP,1/6/2014,0.2414286,101.49,95.73069168
ESP,1/7/2014,0.2050435,99.93,95.83589024
ESP,1/8/2014,0.1915714,100.02,96.36188305
ESP,1/9/2014,0.09709091,101.04,96.04628737
ESP,1/10/2014,0.08260869,101.12,96.15148593
ESP,1/11/2014,0.0809,100.88,97.09827299
ESP,1/12/2014,0.08090476,100.22,97.93986149
ESP,1/1/2015,0.06266667,98.04,98.4658543
ESP,1/2/2015,0.0482,98.18,98.36065574
ESP,1/3/2015,0.02718182,100.15,99.20224424
ESP,1/4/2015,0.0047,100.83,98.57105286
ESP,1/5/2015,-0.01036842,101.27,99.51783992
ESP,1/6/2015,-0.01390909,101.46,98.36065574
ESP,1/7/2015,-0.01873913,99.9,99.72823705
ESP,1/8/2015,-0.02766667,99.5,100.5698255
ESP,1/9/2015,-0.03704545,99.9,101.0958184
ESP,1/10/2015,-0.05359091,100.21,101.5166126
ESP,1/11/2015,-0.08761905,100.47,101.8322083
ESP,1/12/2015,-0.1263182,100.09,102.2530025
ESP,1/1/2016,-0.14615,97.63,102.7789954
ESP,1/2/2016,-0.1835714,97.21,102.9893925
ESP,1/3/2016,-0.2285238,99.16,102.7789954
ESP,1/4/2016,-0.2491905,99.65,103.4101867
ESP,1/5/2016,-0.2571818,100.17,103.3049882
ESP,1/6/2016,-0.2679091,100.59,103.830981
ESP,1/7/2016,-0.2945238,99.25,104.3569738
ESP,1/8/2016,-0.2982174,99.21,104.0413781
ESP,1/9/2016,-0.3016364,99.93,104.4621724
ESP,1/10/2016,-0.309,100.71,104.2517752
ESP,1/11/2016,-0.3126818,100.95,103.6205839
ESP,1/12/2016,-0.3157619,101.5,103.094591
ESP,1/1/2017,-0.3255455,100.5,103.9361795
ESP,1/2/2017,-0.3286,100.16,103.3049882
ESP,1/3/2017,-0.3293478,101.29,103.9361795
ESP,1/4/2017,-0.3303889,102.21,105.1985623
ESP,1/5/2017,-0.3294545,102.16,104.8829666
ESP,1/6/2017,-0.33,102.22,105.514158
ESP,1/7/2017,-0.3304286,100.98,105.4089594
ESP,1/8/2017,-0.329087,101.15,105.1985623
ESP,1/9/2017,-0.329381,101.77,105.514158
ESP,1/10/2017,-0.3295455,102.4,102.7789954
ESP,1/11/2017,-0.329,102.73,105.7245551
ESP,1/12/2017,-0.3278947,102.74,105.7245551
ESP,1/1/2018,-0.3284546,101.22,104.8829666
ESP,1/2/2018,-0.3285,101.37,105.4089594
ESP,1/3/2018,-0.3279048,102.59,105.7245551
ESP,1/4/2018,-0.32845,103.36,105.9349522
ESP,1/5/2018,-0.3252273,104.32,104.9881652
ESP,1/6/2018,-0.3220476,104.56,105.4089594
ESP,1/7/2018,-0.3207273,103.31,105.1985623
ESP,1/8/2018,-0.319,103.41,104.9881652
ESP,1/9/2018,-0.31885,104.06,104.8829666
ESP,1/10/2018,-0.3176956,104.77,105.514158
ESP,1/11/2018,-0.3163636,104.52,106.3557465
ESP,1/12/2018,-0.3118947,104,106.2505479
ESP,1/1/2019,-0.308,102.26,107.5129307
ESP,1/2/2019,-0.30845,102.47,107.197335
ESP,1/3/2019,-0.3091905,103.9,106.6713422
ESP,1/4/2019,-0.31045,105.06,107.3025335
ESP,1/5/2019,-0.3118636,105.31,107.5129307
ESP,1/6/2019,-0.3289,105.18,108.0389235
ESP,1/7/2019,-0.3648696,103.98,108.3545192
ESP,1/8/2019,-0.4076818,103.87,108.0389235
ESP,1/9/2019,-0.4175714,104.28,108.7753134
ESP,1/10/2019,-0.4128696,104.97,108.4597177
ESP,1/11/2019,-0.4012857,105.01,108.6701148
ESP,1/12/2019,-0.3947,104.88,108.5649163
ESP,1/1/2020,-0.3911364,103.42,108.4597177
ESP,1/2/2020,-0.40885,103.36,109.6169019
ESP,1/3/2020,-0.4166364,103.98,92.67993337
ESP,1/4/2020,-0.25405,104.35,75.84816341
ESP,1/5/2020,-0.27195,104.41,88.05119663
ESP,1/6/2020,-0.376,104.87,103.094591
ESP,1/7/2020,-0.4441304,103.23,104.5673709
ESP,1/8/2020,-0.4797143,103.23,104.9881652
ESP,1/9/2020,-0.4913636,103.69,104.5673709
ESP,1/10/2020,-0.5091364,104.01,105.3037608
ESP,1/11/2020,-0.5208572,104.12,104.8829666
ESP,1/12/2020,-0.5380909,104.28,106.460945
ESP,1/1/2021,-0.54715,103.87,99.51783992
ESP,1/2/2021,-0.5411,103.27,102.6737968
ESP,1/3/2021,-0.5390869,105.22,105.8297537
ESP,1/4/2021,-0.53815,106.39,102.8841939
ESP,1/5/2021,-0.5400952,106.95,104.2517752
ESP,1/6/2021,-0.5429091,107.46,105.1985623
ESP,1/7/2021,-0.5448182,106.18,105.514158
ESP,1/8/2021,-0.5475909,106.65,106.1453493
ESP,1/9/2021,-0.5450454,107.87,106.5661436
ESP,1/10/2021,-0.5498095,109.6,106.8817393
ESP,1/11/2021,-0.5673636,109.87,110.7740861
ESP,1/12/2021,-0.5819565,111.13,106.3557465
ESP,1/1/2022,-0.5601429,110.26,106.2505479
ESP,1/2/2022,-0.5315,111.15,108.144122
ESP,1/3/2022,-0.4954348,115.51,105.3037608
ESP,1/4/2022,-0.4478947,115.21,107.5129307
ESP,1/5/2022,-0.3857273,116.03,108.880512
ESP,1/6/2022,-0.2392273,118.22,107.5129307
ESP,1/7/2022,0.03661905,117.54,106.9869378
ESP,1/8/2022,0.3947391,117.84,108.2493206
ESP,1/9/2022,1.010864,117.55,108.144122
ESP,1/10/2022,1.427667,117.61,107.7233278
ESP,1/11/2022,1.825227,117.22,108.0389235
ESP,1/12/2022,2.063476,117.22,107.6181292
ESP,1/1/2023,2.344864,116.72,109.9324976
ESP,1/2/2023,2.64035,117.82,108.7753134
ESP,1/3/2023,2.910565,119.06,109.6169019
ESP,1/4/2023,3.167,119.61,110.8792846
ESP,1/5/2023,3.366435,119.44,110.4584904
ESP,1/6/2023,3.535864,120.13,110.563689
ESP,1/7/2023,3.671809,120.03,110.6688875
ESP,1/8/2023,3.780304,120.68,109.827299
ESP,1/9/2023,3.880048,121.38,109.1961077
ESP,1/10/2023,3.967636,121.69,109.9324976
ESP,1/11/2023,3.971636,121.05,111.9312703
ESP,1/12/2023,3.933095,121.06,110.2480933
ESP,1/1/2024,3.925273,120.82,110.7740861
ESP,1/2/2024,3.923191,121.29,110.8792846
ITA,1/1/2003,2.831818,78.9,112.1991979
ITA,1/2/2003,2.68745,78.5,113.5026738
ITA,1/3/2003,2.529952,79.5,112.7005348
ITA,1/4/2003,2.53335,80.1,112.8008021
ITA,1/5/2003,2.400524,80.2,112.8008021
ITA,1/6/2003,2.151857,80.3,111.9986631
ITA,1/7/2003,2.130044,80.2,112.1991979
ITA,1/8/2003,2.140429,80,111.697861
ITA,1/9/2003,2.147318,80.6,111.9986631
ITA,1/10/2003,2.143565,80.9,111.9986631
ITA,1/11/2003,2.15905,81.1,111.1965241
ITA,1/12/2003,2.146333,81.1,110.9959893
ITA,1/1/2004,2.089476,80.6,111.9986631
ITA,1/2/2004,2.07055,80.4,110.7954545
ITA,1/3/2004,2.028826,81.3,110.7954545
ITA,1/4/2004,2.04875,82,110.7954545
ITA,1/5/2004,2.085857,82.1,109.1911765
ITA,1/6/2004,2.112682,82.2,110.6951872
ITA,1/7/2004,2.116045,82,109.7927807
ITA,1/8/2004,2.114273,81.9,109.592246
ITA,1/9/2004,2.118591,82.3,109.3917112
ITA,1/10/2004,2.147333,82.6,109.4919786
ITA,1/11/2004,2.170318,82.7,109.6925134
ITA,1/12/2004,2.173174,83,110.1938503
ITA,1/1/2005,2.145429,82.2,108.4893048
ITA,1/2/2005,2.13835,82.1,108.0882353
ITA,1/3/2005,2.137191,83.1,108.790107
ITA,1/4/2005,2.137238,83.7,108.9906417
ITA,1/5/2005,2.125636,84,109.592246
ITA,1/6/2005,2.111045,84,108.5895722
ITA,1/7/2005,2.119429,83.8,108.9906417
ITA,1/8/2005,2.132478,83.7,109.0909091
ITA,1/9/2005,2.139136,84.1,109.8930481
ITA,1/10/2005,2.196619,84.7,109.4919786
ITA,1/11/2005,2.360864,84.7,109.3917112
ITA,1/12/2005,2.472857,84.7,109.3917112
ITA,1/1/2006,2.511682,84,109.7927807
ITA,1/2/2006,2.60035,83.9,109.9933155
ITA,1/3/2006,2.722609,84.9,109.6925134
ITA,1/4/2006,2.793778,85.7,109.8930481
ITA,1/5/2006,2.889,85.9,109.6925134
ITA,1/6/2006,2.985682,86,110.0935829
ITA,1/7/2006,3.10219,85.8,110.1938503
ITA,1/8/2006,3.226478,85.6,109.8930481
ITA,1/9/2006,3.335381,86.2,109.592246
ITA,1/10/2006,3.502,86.3,110.5949198
ITA,1/11/2006,3.597182,86.4,110.2941176
ITA,1/12/2006,3.684211,86.5,110.6951872
ITA,1/1/2007,3.751864,85.6,110.1938503
ITA,1/2/2007,3.8182,85.7,109.3917112
ITA,1/3/2007,3.890909,86.6,110.8957219
ITA,1/4/2007,3.975263,87.2,109.592246
ITA,1/5/2007,4.071363,87.5,110.1938503
ITA,1/6/2007,4.147762,87.7,110.1938503
ITA,1/7/2007,4.216182,87.2,109.8930481
ITA,1/8/2007,4.543609,87,110.0935829
ITA,1/9/2007,4.7417,87.7,109.592246
ITA,1/10/2007,4.687391,88.3,109.2914439
ITA,1/11/2007,4.638546,88.6,109.4919786
ITA,1/12/2007,4.848369,88.9,108.790107
ITA,1/1/2008,4.481545,88.3,108.2887701
ITA,1/2/2008,4.362095,88.3,108.3890374
ITA,1/3/2008,4.596368,89.7,106.9852941
ITA,1/4/2008,4.7835,90.2,108.0882353
ITA,1/5/2008,4.857381,90.8,107.5868984
ITA,1/6/2008,4.940524,91.2,106.8850267
ITA,1/7/2008,4.961,90.7,106.684492
ITA,1/8/2008,4.96519,90.7,106.2834225
ITA,1/9/2008,5.019182,91.1,106.4839572
ITA,1/10/2008,5.113087,91.5,105.0802139
ITA,1/11/2008,4.2383,91.1,106.4839572
ITA,1/12/2008,3.292619,91,105.2807487
ITA,1/1/2009,2.456524,89.5,104.9799465
ITA,1/2/2009,1.94305,89.7,105.5815508
ITA,1/3/2009,1.635455,90.7,105.1804813
ITA,1/4/2009,1.4223,91.3,105.4812834
ITA,1/5/2009,1.2817,91.5,105.5815508
ITA,1/6/2009,1.227909,91.7,105.6818182
ITA,1/7/2009,0.9749565,90.6,105.7820856
ITA,1/8/2009,0.8604762,90.8,105.0802139
ITA,1/9/2009,0.7720909,91.4,105.5815508
ITA,1/10/2009,0.7375,91.8,105.1804813
ITA,1/11/2009,0.7161905,91.9,105.8823529
ITA,1/12/2009,0.7120454,92,106.1831551
ITA,1/1/2010,0.67975,90.7,105.8823529
ITA,1/2/2010,0.6617,90.6,105.9826203
ITA,1/3/2010,0.6449565,92,106.3836898
ITA,1/4/2010,0.6447,92.9,105.2807487
ITA,1/5/2010,0.6865238,92.9,106.0828877
ITA,1/6/2010,0.7275909,93,105.1804813
ITA,1/7/2010,0.8488182,92.2,105.6818182
ITA,1/8/2010,0.8955,92.3,105.4812834
ITA,1/9/2010,0.8805,92.9,105.381016
ITA,1/10/2010,0.9976667,93.6,105.8823529
ITA,1/11/2010,1.042045,93.6,105.2807487
ITA,1/12/2010,1.021696,93.9,106.1831551
ITA,1/1/2011,1.017238,92.5,104.9799465
ITA,1/2/2011,1.08675,92.6,105.381016
ITA,1/3/2011,1.175522,94.6,104.0775401
ITA,1/4/2011,1.321211,95.6,105.5815508
ITA,1/5/2011,1.425091,95.7,104.3783422
ITA,1/6/2011,1.488591,95.8,104.0775401
ITA,1/7/2011,1.597619,94.1,104.2780749
ITA,1/8/2011,1.552087,94.4,103.776738
ITA,1/9/2011,1.536455,96.3,103.1751337
ITA,1/10/2011,1.575857,97.1,104.3783422
ITA,1/11/2011,1.484682,97.1,102.3729947
ITA,1/12/2011,1.426095,97.4,101.671123
ITA,1/1/2012,1.222227,95.6,103.2754011
ITA,1/2/2012,1.048286,95.8,100.0668449
ITA,1/3/2012,0.8584545,98.2,101.9719251
ITA,1/4/2012,0.7443158,99.1,100.1671123
ITA,1/5/2012,0.6849091,99.1,100.3676471
ITA,1/6/2012,0.6588572,99.3,100.868984
ITA,1/7/2012,0.4970455,97.5,100.3676471
ITA,1/8/2012,0.3323913,97.6,99.76604278
ITA,1/9/2012,0.2463,99.6,100.0668449
ITA,1/10/2012,0.207913,99.8,98.76336898
ITA,1/11/2012,0.192,99.6,98.56283422
ITA,1/12/2012,0.1854737,99.9,99.06417112
ITA,1/1/2013,0.2049091,97.9,97.86096257
ITA,1/2/2013,0.22335,97.7,98.26203209
ITA,1/3/2013,0.20605,100,98.46256684
ITA,1/4/2013,0.2089048,100.3,97.76069519
ITA,1/5/2013,0.2012273,100.3,98.06149733
ITA,1/6/2013,0.21025,100.5,98.06149733
ITA,1/7/2013,0.2214348,98.7,97.45989305
ITA,1/8/2013,0.2258636,98.7,97.96122995
ITA,1/9/2013,0.2232381,100.5,97.86096257
ITA,1/10/2013,0.2258261,100.5,97.96122995
ITA,1/11/2013,0.223381,100.2,98.06149733
ITA,1/12/2013,0.2735,100.5,97.66042781
ITA,1/1/2014,0.2920454,98.5,97.66042781
ITA,1/2/2014,0.2881,98.1,97.76069519
ITA,1/3/2014,0.3053333,100.3,98.06149733
ITA,1/4/2014,0.32975,100.8,98.56283422
ITA,1/5/2014,0.3245714,100.7,98.36229947
ITA,1/6/2014,0.2414286,100.8,97.96122995
ITA,1/7/2014,0.2050435,98.7,97.35962567
ITA,1/8/2014,0.1915714,98.6,97.76069519
ITA,1/9/2014,0.09709091,100.4,98.6631016
ITA,1/10/2014,0.08260869,100.7,98.76336898
ITA,1/11/2014,0.0809,100.5,99.6657754
ITA,1/12/2014,0.08090476,100.5,99.6657754
ITA,1/1/2015,0.06266667,98,99.6657754
ITA,1/2/2015,0.0482,98.2,99.46524064
ITA,1/3/2015,0.02718182,100.3,99.6657754
ITA,1/4/2015,0.0047,100.7,99.86631016
ITA,1/5/2015,-0.01036842,100.9,99.76604278
ITA,1/6/2015,-0.01390909,101,100.0668449
ITA,1/7/2015,-0.01873913,99.1,101.1697861
ITA,1/8/2015,-0.02766667,98.9,100.868984
ITA,1/9/2015,-0.03704545,100.6,100.0668449
ITA,1/10/2015,-0.05359091,101,99.56550802
ITA,1/11/2015,-0.08761905,100.6,99.86631016
ITA,1/12/2015,-0.1263182,100.6,100.1671123
ITA,1/1/2016,-0.14615,98.4,99.6657754
ITA,1/2/2016,-0.1835714,98,100.3676471
ITA,1/3/2016,-0.2285238,100.1,99.6657754
ITA,1/4/2016,-0.2491905,100.3,100.3676471
ITA,1/5/2016,-0.2571818,100.6,100.1671123
ITA,1/6/2016,-0.2679091,100.8,99.6657754
ITA,1/7/2016,-0.2945238,98.9,100.1671123
ITA,1/8/2016,-0.2982174,98.8,100.1671123
ITA,1/9/2016,-0.3016364,100.7,99.6657754
ITA,1/10/2016,-0.309,100.9,100.5681818
ITA,1/11/2016,-0.3126818,100.7,99.76604278
ITA,1/12/2016,-0.3157619,101.1,99.46524064
ITA,1/1/2017,-0.3255455,99.4,100.7687166
ITA,1/2/2017,-0.3286,99.6,99.76604278
ITA,1/3/2017,-0.3293478,101.5,100.0668449
ITA,1/4/2017,-0.3303889,102.3,100.1671123
ITA,1/5/2017,-0.3294545,102.2,99.96657754
ITA,1/6/2017,-0.33,102,100.2673797
ITA,1/7/2017,-0.3304286,100.1,100.0668449
ITA,1/8/2017,-0.329087,100.2,99.86631016
ITA,1/9/2017,-0.329381,102,100.2673797
ITA,1/10/2017,-0.3295455,102,99.36497326
ITA,1/11/2017,-0.329,101.8,99.86631016
ITA,1/12/2017,-0.3278947,102.1,99.56550802
ITA,1/1/2018,-0.3284546,100.6,98.6631016
ITA,1/2/2018,-0.3285,100.1,99.76604278
ITA,1/3/2018,-0.3279048,102.4,99.76604278
ITA,1/4/2018,-0.32845,102.9,98.6631016
ITA,1/5/2018,-0.3252273,103.2,100.1671123
ITA,1/6/2018,-0.3220476,103.4,99.36497326
ITA,1/7/2018,-0.3207273,102,99.46524064
ITA,1/8/2018,-0.319,101.8,99.86631016
ITA,1/9/2018,-0.31885,103.5,99.46524064
ITA,1/10/2018,-0.3176956,103.7,99.86631016
ITA,1/11/2018,-0.3163636,103.4,100.2673797
ITA,1/12/2018,-0.3118947,103.3,100.0668449
ITA,1/1/2019,-0.308,101.5,100.4679144
ITA,1/2/2019,-0.30845,101.2,99.86631016
ITA,1/3/2019,-0.3091905,103.5,99.56550802
ITA,1/4/2019,-0.31045,104,100.4679144
ITA,1/5/2019,-0.3118636,104.1,99.6657754
ITA,1/6/2019,-0.3289,104.2,101.0695187
ITA,1/7/2019,-0.3648696,102.3,101.3703209
ITA,1/8/2019,-0.4076818,102.3,100.6684492
ITA,1/9/2019,-0.4175714,103.7,100.7687166
ITA,1/10/2019,-0.4128696,103.9,100.7687166
ITA,1/11/2019,-0.4012857,103.6,100.1671123
ITA,1/12/2019,-0.3947,103.8,100.3676471
ITA,1/1/2020,-0.3911364,101.9,101.2700535
ITA,1/2/2020,-0.40885,101.4,102.1724599
ITA,1/3/2020,-0.4166364,103.6,77.60695187
ITA,1/4/2020,-0.25405,104.1,69.5855615
ITA,1/5/2020,-0.27195,103.8,86.12967914
ITA,1/6/2020,-0.376,103.8,94.7526738
ITA,1/7/2020,-0.4441304,103.1,93.64973262
ITA,1/8/2020,-0.4797143,101.8,101.1697861
ITA,1/9/2020,-0.4913636,102.7,100.868984
ITA,1/10/2020,-0.5091364,103.3,100.7687166
ITA,1/11/2020,-0.5208572,103.3,90.84224599
ITA,1/12/2020,-0.5380909,103.5,92.2459893
ITA,1/1/2021,-0.54715,102.6,91.04278075
ITA,1/2/2021,-0.5411,102.4,97.45989305
ITA,1/3/2021,-0.5390869,104.2,95.45454545
ITA,1/4/2021,-0.53815,105.1,95.95588235
ITA,1/5/2021,-0.5400952,105,101.1697861
ITA,1/6/2021,-0.5429091,105.2,102.6737968
ITA,1/7/2021,-0.5448182,104.1,101.7713904
ITA,1/8/2021,-0.5475909,104.3,102.3729947
ITA,1/9/2021,-0.5450454,105.7,102.7740642
ITA,1/10/2021,-0.5498095,106.6,104.6791444
ITA,1/11/2021,-0.5673636,107.3,102.1724599
ITA,1/12/2021,-0.5819565,107.8,102.6737968
ITA,1/1/2022,-0.5601429,107.8,100.6684492
ITA,1/2/2022,-0.5315,108.7,101.5708556
ITA,1/3/2022,-0.4954348,111.3,101.1697861
ITA,1/4/2022,-0.4478947,111.7,100.9692513
ITA,1/5/2022,-0.3857273,112.7,104.0775401
ITA,1/6/2022,-0.2392273,114.1,100.868984
ITA,1/7/2022,0.03661905,112.8,101.2700535
ITA,1/8/2022,0.3947391,113.8,101.0695187
ITA,1/9/2022,1.010864,115.6,100.9692513
ITA,1/10/2022,1.427667,120,100.2673797
ITA,1/11/2022,1.825227,120.8,100.5681818
ITA,1/12/2022,2.063476,121.1,99.56550802
ITA,1/1/2023,2.344864,119.3,100.2673797
ITA,1/2/2023,2.64035,119.4,99.36497326
ITA,1/3/2023,2.910565,120.3,99.26470588
ITA,1/4/2023,3.167,121.3,98.96390374
ITA,1/5/2023,3.366435,121.7,99.1644385
ITA,1/6/2023,3.535864,121.8,98.56283422
ITA,1/7/2023,3.671809,119.9,98.56283422
ITA,1/8/2023,3.780304,120.1,97.96122995
ITA,1/9/2023,3.880048,122.1,97.35962567
ITA,1/10/2023,3.967636,122.2,97.86096257
ITA,1/11/2023,3.971636,121.5,98.26203209
ITA,1/12/2023,3.933095,121.7,97.45989305
ITA,1/1/2024,3.925273,120.4,97.96122995
ITA,1/2/2024,3.923191,120.4,98.06149733
NLD,1/1/2003,2.831818,82.07,103.3669988
NLD,1/2/2003,2.68745,82.65,104.8376675
NLD,1/3/2003,2.529952,83.4,102.5266167
NLD,1/4/2003,2.53335,83.48,102.5266167
NLD,1/5/2003,2.400524,83.43,102.0013779
NLD,1/6/2003,2.151857,83.04,101.2660435
NLD,1/7/2003,2.130044,82.95,100.7408047
NLD,1/8/2003,2.140429,83.16,101.2660435
NLD,1/9/2003,2.147318,83.85,101.055948
NLD,1/10/2003,2.143565,83.67,103.0518555
NLD,1/11/2003,2.15905,83.39,100.3206136
NLD,1/12/2003,2.146333,82.87,100.6357569
NLD,1/1/2004,2.089476,83.29,102.1064256
NLD,1/2/2004,2.07055,83.77,101.476139
NLD,1/3/2004,2.028826,84.45,101.476139
NLD,1/4/2004,2.04875,84.74,102.6316644
NLD,1/5/2004,2.085857,84.88,101.7912823
NLD,1/6/2004,2.112682,84.27,101.5811868
NLD,1/7/2004,2.116045,83.97,102.7367122
NLD,1/8/2004,2.114273,84.12,102.1064256
NLD,1/9/2004,2.118591,84.83,101.055948
NLD,1/10/2004,2.147333,84.93,100.7408047
NLD,1/11/2004,2.170318,84.62,100.7408047
NLD,1/12/2004,2.173174,83.92,101.7912823
NLD,1/1/2005,2.145429,84.34,100.2155659
NLD,1/2/2005,2.13835,84.99,100.6357569
NLD,1/3/2005,2.137191,85.73,101.476139
NLD,1/4/2005,2.137238,85.83,99.79537483
NLD,1/5/2005,2.125636,85.76,99.58527931
NLD,1/6/2005,2.111045,85.48,103.1569032
NLD,1/7/2005,2.119429,85.2,102.7367122
NLD,1/8/2005,2.132478,85.52,102.2114734
NLD,1/9/2005,2.139136,86.23,103.7871898
NLD,1/10/2005,2.196619,86.22,104.4174764
NLD,1/11/2005,2.360864,85.99,104.3124286
NLD,1/12/2005,2.472857,85.6,104.9427152
NLD,1/1/2006,2.511682,85.81,107.5734158
NLD,1/2/2006,2.60035,86.24,106.4142195
NLD,1/3/2006,2.722609,86.93,107.3415765
NLD,1/4/2006,2.793778,87.34,107.2256569
NLD,1/5/2006,2.889,87.3,109.6599691
NLD,1/6/2006,2.985682,87.01,108.3848532
NLD,1/7/2006,3.10219,86.71,106.6460587
NLD,1/8/2006,3.226478,87.12,109.8918083
NLD,1/9/2006,3.335381,87.54,107.2256569
NLD,1/10/2006,3.502,87.39,108.6166924
NLD,1/11/2006,3.597182,87.37,109.6599691
NLD,1/12/2006,3.684211,87.07,108.3848532
NLD,1/1/2007,3.751864,86.86,109.3122102
NLD,1/2/2007,3.8182,87.42,110.3554869
NLD,1/3/2007,3.890909,88.55,112.3261206
NLD,1/4/2007,3.975263,89.04,111.3987635
NLD,1/5/2007,4.071363,89.07,110.2395672
NLD,1/6/2007,4.147762,88.61,111.9783617
NLD,1/7/2007,4.216182,87.94,110.5873261
NLD,1/8/2007,4.543609,88.05,110.8191654
NLD,1/9/2007,4.7417,88.66,111.2828439
NLD,1/10/2007,4.687391,88.79,111.1669243
NLD,1/11/2007,4.638546,88.93,111.6306028
NLD,1/12/2007,4.848369,88.45,111.5146832
NLD,1/1/2008,4.481545,88.42,111.0510046
NLD,1/2/2008,4.362095,89.17,114.6445131
NLD,1/3/2008,4.596368,90.23,110.1236476
NLD,1/4/2008,4.7835,90.55,112.2102009
NLD,1/5/2008,4.857381,90.92,113.7171561
NLD,1/6/2008,4.940524,90.66,110.5873261
NLD,1/7/2008,4.961,90.55,110.1236476
NLD,1/8/2008,4.96519,90.67,111.1669243
NLD,1/9/2008,5.019182,91.13,111.1669243
NLD,1/10/2008,5.113087,90.98,111.6306028
NLD,1/11/2008,4.2383,90.61,109.6599691
NLD,1/12/2008,3.292619,89.91,111.3987635
NLD,1/1/2009,2.456524,89.95,108.3848532
NLD,1/2/2009,1.94305,90.83,108.2689335
NLD,1/3/2009,1.635455,91.89,106.1823802
NLD,1/4/2009,1.4223,92.21,106.9938176
NLD,1/5/2009,1.2817,92.31,105.950541
NLD,1/6/2009,1.227909,91.9,105.2550232
NLD,1/7/2009,0.9749565,90.43,106.6460587
NLD,1/8/2009,0.8604762,90.61,103.8639876
NLD,1/9/2009,0.7720909,91.11,105.0231839
NLD,1/10/2009,0.7375,91.35,105.7187017
NLD,1/11/2009,0.7161905,91.21,103.9799073
NLD,1/12/2009,0.7120454,90.56,105.7187017
NLD,1/1/2010,0.67975,90.3,104.3276662
NLD,1/2/2010,0.6617,91.15,103.6321484
NLD,1/3/2010,0.6449565,92.49,105.8346213
NLD,1/4/2010,0.6447,92.81,104.675425
NLD,1/5/2010,0.6865238,92.72,104.5595054
NLD,1/6/2010,0.7275909,92.11,105.3709428
NLD,1/7/2010,0.8488182,91.57,104.675425
NLD,1/8/2010,0.8955,91.7,105.3709428
NLD,1/9/2010,0.8805,92.39,105.950541
NLD,1/10/2010,0.9976667,92.61,104.9072643
NLD,1/11/2010,1.042045,92.47,105.7187017
NLD,1/12/2010,1.021696,92.23,102.9366306
NLD,1/1/2011,1.017238,92.01,104.3276662
NLD,1/2/2011,1.08675,92.93,105.2550232
NLD,1/3/2011,1.175522,94.2,104.4435858
NLD,1/4/2011,1.321211,94.77,105.0231839
NLD,1/5/2011,1.425091,94.84,103.8639876
NLD,1/6/2011,1.488591,94.23,102.820711
NLD,1/7/2011,1.597619,94.54,103.748068
NLD,1/8/2011,1.552087,94.65,103.5162287
NLD,1/9/2011,1.536455,95.12,101.0819165
NLD,1/10/2011,1.575857,95.22,102.0092736
NLD,1/11/2011,1.484682,94.84,103.0525502
NLD,1/12/2011,1.426095,94.54,101.6615147
NLD,1/1/2012,1.222227,94.66,103.0525502
NLD,1/2/2012,1.048286,95.6,101.0819165
NLD,1/3/2012,0.8584545,96.93,102.4729521
NLD,1/4/2012,0.7443158,97.39,99.11128284
NLD,1/5/2012,0.6849091,97.17,101.3137558
NLD,1/6/2012,0.6588572,96.59,100.618238
NLD,1/7/2012,0.4970455,97,100.8500773
NLD,1/8/2012,0.3323913,97.07,99.80680062
NLD,1/9/2012,0.2463,97.54,101.7774343
NLD,1/10/2012,0.207913,98.33,98.76352396
NLD,1/11/2012,0.192,97.85,97.48840804
NLD,1/12/2012,0.1854737,97.73,98.29984544
NLD,1/1/2013,0.2049091,97.7,97.25656878
NLD,1/2/2013,0.22335,98.7,96.21329212
NLD,1/3/2013,0.20605,100.02,95.51777434
NLD,1/4/2013,0.2089048,100.1,96.09737249
NLD,1/5/2013,0.2012273,100.14,96.79289026
NLD,1/6/2013,0.21025,99.65,96.21329212
NLD,1/7/2013,0.2214348,100,96.90880989
NLD,1/8/2013,0.2258636,99.78,96.21329212
NLD,1/9/2013,0.2232381,99.86,96.561051
NLD,1/10/2013,0.2258261,99.61,96.32921175
NLD,1/11/2013,0.223381,99.02,96.09737249
NLD,1/12/2013,0.2735,99.1,96.79289026
NLD,1/1/2014,0.2920454,98.48,97.14064915
NLD,1/2/2014,0.2881,99.07,97.37248841
NLD,1/3/2014,0.3053333,100.16,97.25656878
NLD,1/4/2014,0.32975,100.74,97.7202473
NLD,1/5/2014,0.3245714,100.28,97.37248841
NLD,1/6/2014,0.2414286,99.92,97.37248841
NLD,1/7/2014,0.2050435,100.26,97.48840804
NLD,1/8/2014,0.1915714,100.14,98.99536321
NLD,1/9/2014,0.09709091,100.12,96.09737249
NLD,1/10/2014,0.08260869,100,98.18392581
NLD,1/11/2014,0.0809,99.27,98.76352396
NLD,1/12/2014,0.08090476,99.04,98.87944359
NLD,1/1/2015,0.06266667,97.82,99.45904173
NLD,1/2/2015,0.0482,98.62,100.2704791
NLD,1/3/2015,0.02718182,99.88,99.92272025
NLD,1/4/2015,0.0047,100.71,100.0386399
NLD,1/5/2015,-0.01036842,100.97,99.22720247
NLD,1/6/2015,-0.01390909,100.4,100.9659969
NLD,1/7/2015,-0.01873913,101.07,99.80680062
NLD,1/8/2015,-0.02766667,100.58,100.3863988
NLD,1/9/2015,-0.03704545,100.4,100.1545595
NLD,1/10/2015,-0.05359091,100.4,99.80680062
NLD,1/11/2015,-0.08761905,99.64,99.11128284
NLD,1/12/2015,-0.1263182,99.53,100.8500773
NLD,1/1/2016,-0.14615,98.03,99.80680062
NLD,1/2/2016,-0.1835714,98.94,101.0819165
NLD,1/3/2016,-0.2285238,100.4,100.2704791
NLD,1/4/2016,-0.2491905,100.51,99.92272025
NLD,1/5/2016,-0.2571818,100.75,101.7774343
NLD,1/6/2016,-0.2679091,100.2,101.4296754
NLD,1/7/2016,-0.2945238,100.5,102.0092736
NLD,1/8/2016,-0.2982174,100.67,101.4296754
NLD,1/9/2016,-0.3016364,100.31,100.618238
NLD,1/10/2016,-0.309,100.67,104.3276662
NLD,1/11/2016,-0.3126818,100.02,102.9366306
NLD,1/12/2016,-0.3157619,100.27,102.5888717
NLD,1/1/2017,-0.3255455,99.64,103.4003091
NLD,1/2/2017,-0.3286,100.58,102.4729521
NLD,1/3/2017,-0.3293478,101.03,104.0958269
NLD,1/4/2017,-0.3303889,101.94,103.8639876
NLD,1/5/2017,-0.3294545,101.49,105.0231839
NLD,1/6/2017,-0.33,101.17,105.0231839
NLD,1/7/2017,-0.3304286,102,105.3709428
NLD,1/8/2017,-0.329087,102.18,104.4435858
NLD,1/9/2017,-0.329381,101.75,104.9072643
NLD,1/10/2017,-0.3295455,101.97,105.3709428
NLD,1/11/2017,-0.329,101.57,106.6460587
NLD,1/12/2017,-0.3278947,101.49,105.3709428
NLD,1/1/2018,-0.3284546,101.12,106.6460587
NLD,1/2/2018,-0.3285,101.84,105.4868624
NLD,1/3/2018,-0.3279048,102.06,106.4142195
NLD,1/4/2018,-0.32845,102.99,108.5007728
NLD,1/5/2018,-0.3252273,103.41,108.1530139
NLD,1/6/2018,-0.3220476,102.85,107.805255
NLD,1/7/2018,-0.3207273,103.96,108.5007728
NLD,1/8/2018,-0.319,104.09,107.805255
NLD,1/9/2018,-0.31885,103.36,107.6893354
NLD,1/10/2018,-0.3176956,103.89,108.5007728
NLD,1/11/2018,-0.3163636,103.37,109.3122102
NLD,1/12/2018,-0.3118947,103.35,107.805255
NLD,1/1/2019,-0.308,103.13,108.1530139
NLD,1/2/2019,-0.30845,104.44,109.0803709
NLD,1/3/2019,-0.3091905,104.98,109.4281298
NLD,1/4/2019,-0.31045,106.11,110.3554869
NLD,1/5/2019,-0.3118636,105.82,110.1236476
NLD,1/6/2019,-0.3289,105.67,110.1236476
NLD,1/7/2019,-0.3648696,106.67,110.007728
NLD,1/8/2019,-0.4076818,107.32,109.1962906
NLD,1/9/2019,-0.4175714,106.16,110.3554869
NLD,1/10/2019,-0.4128696,106.82,110.4714065
NLD,1/11/2019,-0.4012857,106.01,110.7032457
NLD,1/12/2019,-0.3947,106.24,111.7465224
NLD,1/1/2020,-0.3911364,104.85,110.5873261
NLD,1/2/2020,-0.40885,105.77,112.5579598
NLD,1/3/2020,-0.4166364,106.09,109.0803709
NLD,1/4/2020,-0.25405,107.14,104.0958269
NLD,1/5/2020,-0.27195,106.94,114.2967543
NLD,1/6/2020,-0.376,107.45,116.2673879
NLD,1/7/2020,-0.4441304,108.42,116.1514683
NLD,1/8/2020,-0.4797143,107.65,117.6584235
NLD,1/9/2020,-0.4913636,107.19,115.2241113
NLD,1/10/2020,-0.5091364,108.05,114.1808346
NLD,1/11/2020,-0.5208572,106.72,118.122102
NLD,1/12/2020,-0.5380909,107.22,105.950541
NLD,1/1/2021,-0.54715,106.51,100.618238
NLD,1/2/2021,-0.5411,107.76,105.950541
NLD,1/3/2021,-0.5390869,108.09,113.6012365
NLD,1/4/2021,-0.53815,108.95,115.3400309
NLD,1/5/2021,-0.5400952,109.11,122.2952087
NLD,1/6/2021,-0.5429091,109.27,121.7156105
NLD,1/7/2021,-0.5448182,109.96,119.8608964
NLD,1/8/2021,-0.5475909,110.54,120.2086553
NLD,1/9/2021,-0.5450454,110.37,120.0927357
NLD,1/10/2021,-0.5498095,112.1,120.0927357
NLD,1/11/2021,-0.5673636,113.02,119.049459
NLD,1/12/2021,-0.5819565,114.09,112.0942813
NLD,1/1/2022,-0.5601429,114.61,113.4853168
NLD,1/2/2022,-0.5315,115.58,117.8902628
NLD,1/3/2022,-0.4954348,120.7,118.2380216
NLD,1/4/2022,-0.4478947,121.16,119.1653787
NLD,1/5/2022,-0.3857273,120.21,118.2380216
NLD,1/6/2022,-0.2392273,120.13,116.0355487
NLD,1/7/2022,0.03661905,122.74,118.2380216
NLD,1/8/2022,0.3947391,125.63,116.1514683
NLD,1/9/2022,1.010864,129.2,117.7743431
NLD,1/10/2022,1.427667,130.92,116.0355487
NLD,1/11/2022,1.825227,125.81,117.3106646
NLD,1/12/2022,2.063476,126.64,114.6445131
NLD,1/1/2023,2.344864,124.23,116.1514683
NLD,1/2/2023,2.64035,125.9,115.2241113
NLD,1/3/2023,2.910565,126.16,113.4853168
NLD,1/4/2023,3.167,128.17,114.2967543
NLD,1/5/2023,3.366435,128.41,113.8330757
NLD,1/6/2023,3.535864,127.78,116.2673879
NLD,1/7/2023,3.671809,129.25,113.8330757
NLD,1/8/2023,3.780304,129.9,114.5285935
NLD,1/9/2023,3.880048,128.81,115.3400309
NLD,1/10/2023,3.967636,129.56,115.4559505
NLD,1/11/2023,3.971636,127.63,116.3833076
NLD,1/12/2023,3.933095,127.88,115.8037094
NLD,1/1/2024,3.925273,128.08,116.4992272
NLD,1/2/2024,3.923191,129.29,117.8902628
GBR,1/1/2003,3.98263,74.7,83.08863513
GBR,1/2/2003,3.75425,75,83.08863513
GBR,1/3/2003,3.65503,75.3,83.63240892
GBR,1/4/2003,3.64598,75.5,83.84991843
GBR,1/5/2003,3.63252,75.5,83.74116368
GBR,1/6/2003,3.63966,75.4,84.93746601
GBR,1/7/2003,3.49022,75.3,85.26373029
GBR,1/8/2003,3.52249,75.6,85.04622077
GBR,1/9/2003,3.6967,75.9,86.02501359
GBR,1/10/2003,3.80338,76,86.13376835
GBR,1/11/2003,3.98043,75.9,86.13376835
GBR,1/12/2003,4.01864,76.2,86.13376835
GBR,1/1/2004,4.05531,75.8,88.091354
GBR,1/2/2004,4.16654,76,87.54758021
GBR,1/3/2004,4.29673,76.1,87.76508972
GBR,1/4/2004,4.39472,76.4,88.41761827
GBR,1/5/2004,4.52872,76.6,88.74388254
GBR,1/6/2004,4.78974,76.6,89.28765633
GBR,1/7/2004,4.85702,76.4,89.17890158
GBR,1/8/2004,4.96284,76.6,89.17890158
GBR,1/9/2004,4.9469,76.7,89.83143013
GBR,1/10/2004,4.90071,76.9,89.17890158
GBR,1/11/2004,4.88359,77,89.39641109
GBR,1/12/2004,4.87103,77.4,89.17890158
GBR,1/1/2005,4.87316,77,89.72267537
GBR,1/2/2005,4.89069,77.2,89.17890158
GBR,1/3/2005,4.98736,77.5,88.63512779
GBR,1/4/2005,4.94336,77.8,89.07014682
GBR,1/5/2005,4.89375,78.1,88.52637303
GBR,1/6/2005,4.84144,78.1,89.07014682
GBR,1/7/2005,4.65794,78.2,88.8526373
GBR,1/8/2005,4.59465,78.4,88.52637303
GBR,1/9/2005,4.59686,78.6,89.17890158
GBR,1/10/2005,4.58701,78.7,89.50516585
GBR,1/11/2005,4.61847,78.7,90.37520392
GBR,1/12/2005,4.63732,78.9,89.83143013
GBR,1/1/2006,4.60368,78.5,89.50516585
GBR,1/2/2006,4.58199,78.8,89.50516585
GBR,1/3/2006,4.58741,78.9,90.37520392
GBR,1/4/2006,4.6296,79.4,90.1576944
GBR,1/5/2006,4.7015,79.9,90.70146819
GBR,1/6/2006,4.73498,80.1,91.13648722
GBR,1/7/2006,4.73322,80,90.70146819
GBR,1/8/2006,4.94425,80.4,90.70146819
GBR,1/9/2006,5.02501,80.5,90.48395867
GBR,1/10/2006,5.13176,80.6,91.35399674
GBR,1/11/2006,5.22544,80.8,91.57150625
GBR,1/12/2006,5.29167,81.3,92.44154432
GBR,1/1/2007,5.48623,80.6,91.24524198
GBR,1/2/2007,5.5657,81,92.44154432
GBR,1/3/2007,5.54946,81.4,92.87656335
GBR,1/4/2007,5.64899,81.6,93.42033714
GBR,1/5/2007,5.76742,81.8,92.65905383
GBR,1/6/2007,5.88018,82,92.76780859
GBR,1/7/2007,6.02396,81.5,92.55029908
GBR,1/8/2007,6.41946,81.8,93.09407287
GBR,1/9/2007,6.64694,81.9,93.31158238
GBR,1/10/2007,6.27014,82.3,92.44154432
GBR,1/11/2007,6.40858,82.5,92.55029908
GBR,1/12/2007,6.35943,83,92.11528004
GBR,1/1/2008,5.65965,82.4,92.87656335
GBR,1/2/2008,5.64202,83,95.05165851
GBR,1/3/2008,5.89929,83.4,92.44154432
GBR,1/4/2008,5.91881,84,91.68026101
GBR,1/5/2008,5.82639,84.6,94.72539424
GBR,1/6/2008,5.92944,85.2,91.24524198
GBR,1/7/2008,5.8322,85.1,91.35399674
GBR,1/8/2008,5.76619,85.7,91.68026101
GBR,1/9/2008,5.9106,86.1,91.35399674
GBR,1/10/2008,6.13304,85.9,91.02773246
GBR,1/11/2008,4.44684,85.8,91.24524198
GBR,1/12/2008,3.17247,85.5,92.00652529
GBR,1/1/2009,2.34276,84.9,92.2240348
GBR,1/2/2009,2.09038,85.6,90.70146819
GBR,1/3/2009,1.83139,85.8,91.35399674
GBR,1/4/2009,1.53413,86,92.11528004
GBR,1/5/2009,1.35795,86.4,91.78901577
GBR,1/6/2009,1.24117,86.7,92.44154432
GBR,1/7/2009,1.00113,86.7,93.20282762
GBR,1/8/2009,0.77369,87,93.09407287
GBR,1/9/2009,0.6056,87.1,93.09407287
GBR,1/10/2009,0.57087,87.2,93.09407287
GBR,1/11/2009,0.60936,87.5,93.09407287
GBR,1/12/2009,0.60541,88,92.55029908
GBR,1/1/2010,0.61265,87.8,89.83143013
GBR,1/2/2010,0.6331,88.2,92.44154432
GBR,1/3/2010,0.64549,88.7,91.68026101
GBR,1/4/2010,0.65592,89.2,92.2240348
GBR,1/5/2010,0.69713,89.4,92.33278956
GBR,1/6/2010,0.72839,89.5,92.44154432
GBR,1/7/2010,0.73603,89.3,92.65905383
GBR,1/8/2010,0.73296,89.8,92.76780859
GBR,1/9/2010,0.72859,89.8,91.78901577
GBR,1/10/2010,0.7384,90,92.00652529
GBR,1/11/2010,0.73901,90.3,91.89777053
GBR,1/12/2010,0.74962,91.2,90.70146819
GBR,1/1/2011,0.76866,91.3,91.57150625
GBR,1/2/2011,0.79962,92,91.02773246
GBR,1/3/2011,0.80913,92.2,91.24524198
GBR,1/4/2011,0.82096,93.2,92.33278956
GBR,1/5/2011,0.82344,93.4,90.48395867
GBR,1/6/2011,0.82512,93.3,90.26644916
GBR,1/7/2011,0.8289,93.3,90.70146819
GBR,1/8/2011,0.85782,93.8,90.48395867
GBR,1/9/2011,0.9181,94.4,90.70146819
GBR,1/10/2011,0.96991,94.5,91.4627515
GBR,1/11/2011,1.01182,94.6,90.59271343
GBR,1/12/2011,1.06148,95.1,91.35399674
GBR,1/1/2012,1.08709,94.6,91.13648722
GBR,1/2/2012,1.07249,95.1,90.48395867
GBR,1/3/2012,1.03757,95.4,92.00652529
GBR,1/4/2012,1.01792,96,90.91897771
GBR,1/5/2012,1.005,95.9,91.24524198
GBR,1/6/2012,0.94978,95.5,91.89777053
GBR,1/7/2012,0.81735,95.6,91.35399674
GBR,1/8/2012,0.70481,96.1,91.4627515
GBR,1/9/2012,0.64803,96.5,91.78901577
GBR,1/10/2012,0.54397,97,91.24524198
GBR,1/11/2012,0.52452,97.2,91.02773246
GBR,1/12/2012,0.51848,97.6,91.4627515
GBR,1/1/2013,0.51228,97.1,91.02773246
GBR,1/2/2013,0.50988,97.8,92.44154432
GBR,1/3/2013,0.50688,98.1,91.13648722
GBR,1/4/2013,0.50557,98.3,91.24524198
GBR,1/5/2013,0.50563,98.5,92.33278956
GBR,1/6/2013,0.50794,98.3,92.98531811
GBR,1/7/2013,0.50944,98.3,92.98531811
GBR,1/8/2013,0.51262,98.7,92.44154432
GBR,1/9/2013,0.51688,99.1,93.74660141
GBR,1/10/2013,0.51663,99.1,92.98531811
GBR,1/11/2013,0.52344,99.2,93.85535617
GBR,1/12/2013,0.52474,99.6,94.39912996
GBR,1/1/2014,0.52093,99,94.2903752
GBR,1/2/2014,0.52153,99.5,94.83414899
GBR,1/3/2014,0.52157,99.7,95.16041327
GBR,1/4/2014,0.52665,100.1,95.48667754
GBR,1/5/2014,0.52744,100,96.03045133
GBR,1/6/2014,0.54394,100.2,96.35671561
GBR,1/7/2014,0.55641,99.9,96.68297988
GBR,1/8/2014,0.56119,100.2,96.9004894
GBR,1/9/2014,0.56291,100.3,96.24796085
GBR,1/10/2014,0.55836,100.4,97.33550843
GBR,1/11/2014,0.55628,100.1,97.98803698
GBR,1/12/2014,0.55818,100.1,99.94562262
GBR,1/1/2015,0.5626,99.3,98.42305601
GBR,1/2/2015,0.56363,99.5,99.18433931
GBR,1/3/2015,0.56436,99.7,99.18433931
GBR,1/4/2015,0.5695,99.9,99.83686786
GBR,1/5/2015,0.56798,100.1,99.7281131
GBR,1/6/2015,0.57188,100.2,100.0543774
GBR,1/7/2015,0.58084,100,100.3806417
GBR,1/8/2015,0.5867,100.3,99.51060359
GBR,1/9/2015,0.58576,100.2,101.4681892
GBR,1/10/2015,0.58006,100.3,100.2718869
GBR,1/11/2015,0.57371,100.3,100.9244154
GBR,1/12/2015,0.58277,100.3,101.0331702
GBR,1/1/2016,0.58976,99.5,103.4257749
GBR,1/2/2016,0.59073,99.8,102.7732463
GBR,1/3/2016,0.58825,100.2,102.3382273
GBR,1/4/2016,0.5889,100.2,103.2082654
GBR,1/5/2016,0.58929,100.4,104.6220772
GBR,1/6/2016,0.57468,100.6,103.5345296
GBR,1/7/2016,0.5136,100.6,105.4921153
GBR,1/8/2016,0.40613,100.9,105.0570962
GBR,1/9/2016,0.37907,101.1,105.7096248
GBR,1/10/2016,0.3975,101.2,107.5584557
GBR,1/11/2016,0.39773,101.4,106.9059271
GBR,1/12/2016,0.37226,101.9,106.1446438
GBR,1/1/2017,0.3621,101.4,105.165851
GBR,1/2/2017,0.35674,102.1,105.8183796
GBR,1/3/2017,0.34567,102.5,105.3833605
GBR,1/4/2017,0.33513,102.9,107.0146819
GBR,1/5/2017,0.31081,103.3,105.0570962
GBR,1/6/2017,0.29442,103.3,106.3621533
GBR,1/7/2017,0.2931,103.2,106.2533986
GBR,1/8/2017,0.28119,103.8,107.3409462
GBR,1/9/2017,0.30911,104.1,107.1234367
GBR,1/10/2017,0.38187,104.2,107.2321914
GBR,1/11/2017,0.51857,104.6,107.5584557
GBR,1/12/2017,0.51871,104.9,107.5584557
GBR,1/1/2018,0.5225,104.4,106.5796629
GBR,1/2/2018,0.54683,104.9,106.9059271
GBR,1/3/2018,0.62842,105,105.8183796
GBR,1/4/2018,0.75629,105.4,107.1234367
GBR,1/5/2018,0.64355,105.8,109.0810223
GBR,1/6/2018,0.63868,105.8,108.754758
GBR,1/7/2018,0.74619,105.8,109.9510604
GBR,1/8/2018,0.80519,106.5,110.2773246
GBR,1/9/2018,0.80093,106.6,109.9510604
GBR,1/10/2018,0.80618,106.7,109.2985318
GBR,1/11/2018,0.87483,107,110.4948341
GBR,1/12/2018,0.90444,107.1,110.7123437
GBR,1/1/2019,0.91822,106.3,110.3860794
GBR,1/2/2019,0.87598,106.8,110.4948341
GBR,1/3/2019,0.84,107,111.908646
GBR,1/4/2019,0.82,107.6,111.5823817
GBR,1/5/2019,0.8,107.9,110.7123437
GBR,1/6/2019,0.78,107.9,112.1261555
GBR,1/7/2019,0.77,107.9,113.3224579
GBR,1/8/2019,0.76,108.4,112.5611746
GBR,1/9/2019,0.77,108.5,112.6699293
GBR,1/10/2019,0.78,108.3,111.7998912
GBR,1/11/2019,0.79,108.5,111.3648722
GBR,1/12/2019,0.79,108.5,112.343665
GBR,1/1/2020,0.74,108.2,112.7786841
GBR,1/2/2020,0.75,108.6,111.908646
GBR,1/3/2020,0.53,108.6,106.3621533
GBR,1/4/2020,0.65,108.5,91.02773246
GBR,1/5/2020,0.33,108.5,101.6856987
GBR,1/6/2020,0.19,108.6,114.1924959
GBR,1/7/2020,0.1,109.1,117.7814029
GBR,1/8/2020,0.07,108.6,119.1952148
GBR,1/9/2020,0.06,109.1,121.0440457
GBR,1/10/2020,0.05,109.1,122.1315933
GBR,1/11/2020,0.04,108.9,117.5638934
GBR,1/12/2020,0.03,109.2,118.3251767
GBR,1/1/2021,0.03,109,109.5160413
GBR,1/2/2021,0.05,109.1,110.6035889
GBR,1/3/2021,0.08,109.4,114.4100054
GBR,1/4/2021,0.09,110.1,123.7629146
GBR,1/5/2021,0.08,110.8,120.8265362
GBR,1/6/2021,0.08,111.3,121.6965742
GBR,1/7/2021,0.08,111.3,118.3251767
GBR,1/8/2021,0.07,112.1,118.5426862
GBR,1/9/2021,0.07,112.4,118.216422
GBR,1/10/2021,0.16,113.6,118.8689505
GBR,1/11/2021,0.13,114.5,117.7814029
GBR,1/12/2021,0.16,115.1,118.216422
GBR,1/1/2022,0.53,114.9,117.3463839
GBR,1/2/2022,0.81,115.8,115.497553
GBR,1/3/2022,0.99,117.1,114.7362697
GBR,1/4/2022,1.13,120,113.6487221
GBR,1/5/2022,1.31,120.8,112.2349103
GBR,1/6/2022,1.57,121.8,112.5611746
GBR,1/7/2022,1.84,122.5,112.7786841
GBR,1/8/2022,2.23,123.1,110.7123437
GBR,1/9/2022,2.91,123.8,109.2985318
GBR,1/10/2022,3.39,126.2,110.1685699
GBR,1/11/2022,3.52,126.7,109.2985318
GBR,1/12/2022,3.78,127.2,108.9722675
GBR,1/1/2023,4.01,126.4,109.6247961
GBR,1/2/2023,4.21,127.9,110.1685699
GBR,1/3/2023,4.33,128.9,108.754758
GBR,1/4/2023,4.52,130.4,110.3860794
GBR,1/5/2023,4.73,131.3,109.5160413
GBR,1/6/2023,5.09,131.5,110.4948341
GBR,1/7/2023,5.49,130.9,108.6460033
GBR,1/8/2023,5.53,131.3,108.6460033
GBR,1/9/2023,5.52,132,107.2321914
GBR,1/10/2023,5.4,132,107.88472
GRC,1/1/2003,2.831818,77.51,137.6977632
GRC,1/2/2003,2.68745,77.32,133.7697763
GRC,1/3/2003,2.529952,79.29,135.4064375
GRC,1/4/2003,2.53335,79.47,134.8608838
GRC,1/5/2003,2.400524,79.82,137.1522095
GRC,1/6/2003,2.151857,79.73,135.8428805
GRC,1/7/2003,2.130044,78.03,134.8608838
GRC,1/8/2003,2.140429,78.03,139.5526459
GRC,1/9/2003,2.147318,79.65,139.6617567
GRC,1/10/2003,2.143565,79.95,138.0250955
GRC,1/11/2003,2.15905,80.09,141.5166394
GRC,1/12/2003,2.146333,80.53,140.6437534
GRC,1/1/2004,2.089476,79.86,144.2444081
GRC,1/2/2004,2.07055,79.36,142.0621931
GRC,1/3/2004,2.028826,81.62,141.9530824
GRC,1/4/2004,2.04875,81.91,142.7168576
GRC,1/5/2004,2.085857,82.26,141.8439716
GRC,1/6/2004,2.112682,82.09,142.0621931
GRC,1/7/2004,2.116045,80.49,141.7348609
GRC,1/8/2004,2.114273,80.25,142.4986361
GRC,1/9/2004,2.118591,81.99,144.6808511
GRC,1/10/2004,2.147333,82.59,143.6988543
GRC,1/11/2004,2.170318,82.62,145.7719585
GRC,1/12/2004,2.173174,83.05,145.6628478
GRC,1/1/2005,2.145429,83.25,143.1533006
GRC,1/2/2005,2.13835,81.85,146.5357338
GRC,1/3/2005,2.137191,83.94,146.7539553
GRC,1/4/2005,2.137238,84.6,145.1172941
GRC,1/5/2005,2.125636,84.89,147.9541735
GRC,1/6/2005,2.111045,84.72,148.4997272
GRC,1/7/2005,2.119429,83.6,154.2825968
GRC,1/8/2005,2.132478,83.13,152.4277141
GRC,1/9/2005,2.139136,85.12,152.2094926
GRC,1/10/2005,2.196619,85.66,159.5199127
GRC,1/11/2005,2.360864,85.47,153.1914894
GRC,1/12/2005,2.472857,85.96,150.9001637
GRC,1/1/2006,2.511682,85.76,150.0272777
GRC,1/2/2006,2.60035,84.41,159.0834697
GRC,1/3/2006,2.722609,86.73,160.2836879
GRC,1/4/2006,2.793778,87.59,163.2296781
GRC,1/5/2006,2.889,87.69,160.3927987
GRC,1/6/2006,2.985682,87.64,162.9023459
GRC,1/7/2006,3.10219,86.9,166.0665576
GRC,1/8/2006,3.226478,86,167.157665
GRC,1/9/2006,3.335381,87.76,171.0856519
GRC,1/10/2006,3.502,88.34,163.2296781
GRC,1/11/2006,3.597182,88.2,166.721222
GRC,1/12/2006,3.684211,88.71,171.6312057
GRC,1/1/2007,3.751864,88.36,162.4659029
GRC,1/2/2007,3.8182,86.97,170.6492089
GRC,1/3/2007,3.890909,89.13,167.157665
GRC,1/4/2007,3.975263,89.83,164.2116748
GRC,1/5/2007,4.071363,89.99,168.030551
GRC,1/6/2007,4.147762,89.95,168.2487725
GRC,1/7/2007,4.216182,89.27,167.4849973
GRC,1/8/2007,4.543609,88.36,168.2487725
GRC,1/9/2007,4.7417,90.35,165.9574468
GRC,1/10/2007,4.687391,90.98,162.2476814
GRC,1/11/2007,4.638546,91.67,168.903437
GRC,1/12/2007,4.848369,92.13,173.5951991
GRC,1/1/2008,4.481545,91.82,174.3589744
GRC,1/2/2008,4.362095,90.93,172.5040917
GRC,1/3/2008,4.596368,93.03,178.5051828
GRC,1/4/2008,4.7835,93.8,176.2138571
GRC,1/5/2008,4.857381,94.44,174.5771959
GRC,1/6/2008,4.940524,94.39,172.0676487
GRC,1/7/2008,4.961,93.68,166.1756683
GRC,1/8/2008,4.96519,92.63,160.0654664
GRC,1/9/2008,5.019182,94.61,163.2296781
GRC,1/10/2008,5.113087,94.64,172.3949809
GRC,1/11/2008,4.2383,94.43,164.7572286
GRC,1/12/2008,3.292619,94.15,160.7201309
GRC,1/1/2009,2.456524,93.64,153.9552646
GRC,1/2/2009,1.94305,92.59,149.9181669
GRC,1/3/2009,1.635455,94.45,145.0081833
GRC,1/4/2009,1.4223,94.87,150.9001637
GRC,1/5/2009,1.2817,95.11,150.0272777
GRC,1/6/2009,1.227909,95.04,147.735952
GRC,1/7/2009,0.9749565,94.34,148.9361702
GRC,1/8/2009,0.8604762,93.54,150.7910529
GRC,1/9/2009,0.7720909,95.31,148.608838
GRC,1/10/2009,0.7375,95.81,146.426623
GRC,1/11/2009,0.7161905,96.42,147.4086197
GRC,1/12/2009,0.7120454,96.55,162.1385706
GRC,1/1/2010,0.67975,95.82,161.7021277
GRC,1/2/2010,0.6617,95.24,152.1003819
GRC,1/3/2010,0.6449565,98.16,158.3196945
GRC,1/4/2010,0.6447,99.38,142.8259684
GRC,1/5/2010,0.6865238,100.15,139.7708674
GRC,1/6/2010,0.7275909,99.98,141.0801964
GRC,1/7/2010,0.8488182,99.55,134.3153301
GRC,1/8/2010,0.8955,98.81,131.3693399
GRC,1/9/2010,0.8805,100.7,132.7877796
GRC,1/10/2010,0.9976667,100.83,135.9519913
GRC,1/11/2010,1.042045,101.04,131.5875614
GRC,1/12/2010,1.021696,101.53,132.1331151
GRC,1/1/2011,1.017238,100.53,135.188216
GRC,1/2/2011,1.08675,99.19,135.8428805
GRC,1/3/2011,1.175522,102.38,130.9328969
GRC,1/4/2011,1.321211,103.05,131.1511184
GRC,1/5/2011,1.425091,103.28,124.4953628
GRC,1/6/2011,1.488591,103.07,124.7135843
GRC,1/7/2011,1.597619,101.65,127.9869067
GRC,1/8/2011,1.552087,100.21,126.0229133
GRC,1/9/2011,1.536455,103.61,123.5133661
GRC,1/10/2011,1.575857,103.71,122.7495908
GRC,1/11/2011,1.484682,103.91,120.8947081
GRC,1/12/2011,1.426095,103.74,116.3120567
GRC,1/1/2012,1.222227,102.6,121.6584834
GRC,1/2/2012,1.048286,100.85,118.9307147
GRC,1/3/2012,0.8584545,103.76,110.4200764
GRC,1/4/2012,0.7443158,104.62,114.3480633
GRC,1/5/2012,0.6849091,104.25,110.8565194
GRC,1/6/2012,0.6588572,104.05,110.9656301
GRC,1/7/2012,0.4970455,102.57,115.5482815
GRC,1/8/2012,0.3323913,101.36,111.9476268
GRC,1/9/2012,0.2463,103.9,108.3469722
GRC,1/10/2012,0.207913,104.67,101.4729951
GRC,1/11/2012,0.192,104.34,101.0365521
GRC,1/12/2012,0.1854737,104.07,107.0376432
GRC,1/1/2013,0.2049091,102.65,102.2367703
GRC,1/2/2013,0.22335,100.99,103.1096563
GRC,1/3/2013,0.20605,103.51,104.2007638
GRC,1/4/2013,0.2089048,104,98.19967267
GRC,1/5/2013,0.2012273,103.95,107.2558647
GRC,1/6/2013,0.21025,103.79,101.4729951
GRC,1/7/2013,0.2214348,102.09,99.72722313
GRC,1/8/2013,0.2258636,100.38,101.8003273
GRC,1/9/2013,0.2232381,102.85,102.2367703
GRC,1/10/2013,0.2258261,102.69,100.4909984
GRC,1/11/2013,0.223381,101.36,103.65521
GRC,1/12/2013,0.2735,102.18,101.0365521
GRC,1/1/2014,0.2920454,101.21,100.0545554
GRC,1/2/2014,0.2881,100.12,101.3638843
GRC,1/3/2014,0.3053333,101.97,100.4909984
GRC,1/4/2014,0.32975,102.35,103.1096563
GRC,1/5/2014,0.3245714,101.73,100.3818876
GRC,1/6/2014,0.2414286,102.27,102.5641026
GRC,1/7/2014,0.2050435,101.23,101.5821058
GRC,1/8/2014,0.1915714,100.14,103.9825423
GRC,1/9/2014,0.09709091,101.72,102.0185488
GRC,1/10/2014,0.08260869,100.84,102.2367703
GRC,1/11/2014,0.0809,100.12,102.2367703
GRC,1/12/2014,0.08090476,99.59,100.1636661
GRC,1/1/2015,0.06266667,98.42,101.2547736
GRC,1/2/2015,0.0482,98.21,100.6001091
GRC,1/3/2015,0.02718182,100.07,101.5821058
GRC,1/4/2015,0.0047,100.5,101.1456628
GRC,1/5/2015,-0.01036842,100.28,104.4189853
GRC,1/6/2015,-0.01390909,101.15,101.8003273
GRC,1/7/2015,-0.01873913,99.96,93.94435352
GRC,1/8/2015,-0.02766667,99.75,101.3638843
GRC,1/9/2015,-0.03704545,100.94,98.52700491
GRC,1/10/2015,-0.05359091,100.75,99.61811238
GRC,1/11/2015,-0.08761905,100.01,97.76322968
GRC,1/12/2015,-0.1263182,99.98,100.8183306
GRC,1/1/2016,-0.14615,98.3,99.83633388
GRC,1/2/2016,-0.1835714,98.28,94.38079651
GRC,1/3/2016,-0.2285238,99.4,100.2727769
GRC,1/4/2016,-0.2491905,100.07,99.18166939
GRC,1/5/2016,-0.2571818,100.08,98.41789416
GRC,1/6/2016,-0.2679091,101.38,97.87234043
GRC,1/7/2016,-0.2945238,100.16,101.8003273
GRC,1/8/2016,-0.2982174,100.18,99.07255865
GRC,1/9/2016,-0.3016364,100.88,100.7092199
GRC,1/10/2016,-0.309,101.33,102.0185488
GRC,1/11/2016,-0.3126818,99.85,101.5821058
GRC,1/12/2016,-0.3157619,100.27,100.2727769
GRC,1/1/2017,-0.3255455,99.79,100.2727769
GRC,1/2/2017,-0.3286,99.69,103.65521
GRC,1/3/2017,-0.3293478,101.06,99.29078014
GRC,1/4/2017,-0.3303889,101.72,101.3638843
GRC,1/5/2017,-0.3294545,101.56,99.29078014
GRC,1/6/2017,-0.33,102.3,101.1456628
GRC,1/7/2017,-0.3304286,101.08,103.0005456
GRC,1/8/2017,-0.329087,100.77,99.61811238
GRC,1/9/2017,-0.329381,101.93,99.50900164
GRC,1/10/2017,-0.3295455,101.8,101.3638843
GRC,1/11/2017,-0.329,100.9,98.85433715
GRC,1/12/2017,-0.3278947,101.24,102.7823241
GRC,1/1/2018,-0.3284546,100,101.9094381
GRC,1/2/2018,-0.3285,100.09,103.4369885
GRC,1/3/2018,-0.3279048,101.26,100.6001091
GRC,1/4/2018,-0.32845,102.23,103.218767
GRC,1/5/2018,-0.3252273,102.33,103.65521
GRC,1/6/2018,-0.3220476,103.29,102.3458811
GRC,1/7/2018,-0.3207273,101.87,104.964539
GRC,1/8/2018,-0.319,101.66,102.6732133
GRC,1/9/2018,-0.31885,103.08,101.9094381
GRC,1/10/2018,-0.3176956,103.59,96.99945445
GRC,1/11/2018,-0.3163636,101.96,101.1456628
GRC,1/12/2018,-0.3118947,101.88,103.7643208
GRC,1/1/2019,-0.308,100.54,99.07255865
GRC,1/2/2019,-0.30845,100.86,100.8183306
GRC,1/3/2019,-0.3091905,102.32,105.400982
GRC,1/4/2019,-0.31045,103.33,100.9274414
GRC,1/5/2019,-0.3118636,102.93,101.6912166
GRC,1/6/2019,-0.3289,103.54,104.6372068
GRC,1/7/2019,-0.3648696,102.32,102.8914348
GRC,1/8/2019,-0.4076818,101.74,104.4189853
GRC,1/9/2019,-0.4175714,103.3,106.3829787
GRC,1/10/2019,-0.4128696,103.23,103.1096563
GRC,1/11/2019,-0.4012857,102.51,103.8734315
GRC,1/12/2019,-0.3947,102.95,103.5460993
GRC,1/1/2020,-0.3911364,101.63,105.1827605
GRC,1/2/2020,-0.40885,101.27,103.7643208
GRC,1/3/2020,-0.4166364,102.51,103.1096563
GRC,1/4/2020,-0.25405,102.39,76.26841244
GRC,1/5/2020,-0.27195,102.23,98.63611566
GRC,1/6/2020,-0.376,101.56,100.7092199
GRC,1/7/2020,-0.4441304,100.17,100.1636661
GRC,1/8/2020,-0.4797143,99.45,103.65521
GRC,1/9/2020,-0.4913636,100.91,102.0185488
GRC,1/10/2020,-0.5091364,101.13,106.8194217
GRC,1/11/2020,-0.5208572,100.31,95.58101473
GRC,1/12/2020,-0.5380909,100.49,92.85324604
GRC,1/1/2021,-0.54715,99.2,102.8914348
GRC,1/2/2021,-0.5411,99.39,101.3638843
GRC,1/3/2021,-0.5390869,100.43,102.5641026
GRC,1/4/2021,-0.53815,101.29,106.3829787
GRC,1/5/2021,-0.5400952,100.98,112.9296236
GRC,1/6/2021,-0.5429091,102.17,111.6202946
GRC,1/7/2021,-0.5448182,100.83,111.1838516
GRC,1/8/2021,-0.5475909,100.68,109.0016367
GRC,1/9/2021,-0.5450454,102.83,111.7294053
GRC,1/10/2021,-0.5498095,104,115.33006
GRC,1/11/2021,-0.5673636,104.35,111.4020731
GRC,1/12/2021,-0.5819565,104.87,111.7294053
GRC,1/1/2022,-0.5601429,104.65,111.8385161
GRC,1/2/2022,-0.5315,105.63,112.4931806
GRC,1/3/2022,-0.4954348,108.43,115.33006
GRC,1/4/2022,-0.4478947,110.55,115.6573923
GRC,1/5/2022,-0.3857273,111.59,107.2558647
GRC,1/6/2022,-0.2392273,114.05,113.1478451
GRC,1/7/2022,0.03661905,112.19,113.1478451
GRC,1/8/2022,0.3947391,111.98,114.3480633
GRC,1/9/2022,1.010864,115.29,112.4931806
GRC,1/10/2022,1.427667,113.85,113.3660666
GRC,1/11/2022,1.825227,113.55,112.3840698
GRC,1/12/2022,2.063476,112.81,110.4200764
GRC,1/1/2023,2.344864,112.29,113.0387343
GRC,1/2/2023,2.64035,112.51,113.9116203
GRC,1/3/2023,2.910565,114.28,105.0736498
GRC,1/4/2023,3.167,115.55,110.3109656
GRC,1/5/2023,3.366435,116.17,106.273868
GRC,1/6/2023,3.535864,117.23,104.2007638
GRC,1/7/2023,3.671809,116.08,109.7654119
GRC,1/8/2023,3.780304,115.87,110.6382979
GRC,1/9/2023,3.880048,118.04,108.5651937
GRC,1/10/2023,3.967636,118.17,107.146754
GRC,1/11/2023,3.971636,116.86,107.4740862
GRC,1/12/2023,3.933095,116.97,111.2929624
GRC,1/1/2024,3.925273,115.89,103.5460993
GRC,1/2/2024,3.923191,116.04,103.5460993
GBR,1/11/2023,5.36,131.7,109.5160413
BEL,1/3/2024,3.922381,131.05,101.1494253
BEL,1/5/2024,3.813652,130.98,101.0399562
BEL,1/6/2024,3.7245,131.56,100.0547345
BEL,1/7/2024,3.684826,130.76,101.2588944
BEL,1/8/2024,3.547591,132.73,101.9157088
BEL,1/9/2024,3.433714,132.21,104.2145594
BEL,1/10/2024,3.166609,132.9,102.244116
BEL,1/11/2024,3.006762,133.13,99.83579639
BEL,1/12/2024,2.816091,134.12,101.1494253
FRA,1/3/2024,3.922381,122.65,122.723183
FRA,1/5/2024,3.813652,123.59,123.0830751
FRA,1/6/2024,3.7245,123.78,122.123363
FRA,1/7/2024,3.684826,124.03,123.2030391
FRA,1/8/2024,3.547591,124.77,126.0821753
FRA,1/9/2024,3.433714,123.15,125.3623913
FRA,1/10/2024,3.166609,123.54,125.0024993
FRA,1/11/2024,3.006762,123.36,125.3623913
FRA,1/12/2024,2.816091,123.62,124.7625712
DEU,1/3/2024,3.922381,128,112.2670807
DEU,1/5/2024,3.813652,129.1,112.6164596
DEU,1/6/2024,3.7245,129.3,110.8695652
DEU,1/7/2024,3.684826,130,112.7329193
DEU,1/8/2024,3.547591,129.8,114.2468944
DEU,1/9/2024,3.433714,129.7,115.7608696
DEU,1/10/2024,3.166609,130.2,115.0621118
DEU,1/11/2024,3.006762,129.3,115.1785714
DEU,1/12/2024,2.816091,130.2,114.8291925
GRC,1/3/2024,3.922381,118.13,110.0927441
GRC,1/5/2024,3.813652,118.9,115.766503
GRC,1/6/2024,3.7245,120.11,109.6563011
GRC,1/7/2024,3.684826,119.55,107.0376432
GRC,1/8/2024,3.547591,119.57,105.400982
GRC,1/9/2024,3.433714,121.71,107.9105292
GRC,1/10/2024,3.166609,121.8,105.9465357
GRC,1/11/2024,3.006762,120.32,108.5651937
GRC,1/12/2024,2.816091,120.42,105.7283142
ITA,1/3/2024,3.922381,121.8,98.16176471
ITA,1/5/2024,3.813652,122.7,98.06149733
ITA,1/6/2024,3.7245,122.9,97.76069519
ITA,1/7/2024,3.684826,121.8,98.16176471
ITA,1/8/2024,3.547591,121.6,98.16176471
ITA,1/9/2024,3.433714,123,99.06417112
ITA,1/10/2024,3.166609,123.4,98.46256684
ITA,1/11/2024,3.006762,123.3,97.96122995
ITA,1/12/2024,2.816091,123.4,98.36229947
NLD,1/3/2024,3.922381,130.09,116.6151468
NLD,1/5/2024,3.813652,131.85,116.4992272
NLD,1/6/2024,3.7245,132.07,114.8763524
NLD,1/7/2024,3.684826,133.73,115.5718702
NLD,1/8/2024,3.547591,134.22,116.6151468
NLD,1/9/2024,3.433714,133.01,116.4992272
NLD,1/10/2024,3.166609,133.85,116.1514683
NLD,1/11/2024,3.006762,132.47,116.0355487
NLD,1/12/2024,2.816091,132.93,116.4992272
ESP,1/3/2024,3.922381,122.93,110.6688875
ESP,1/5/2024,3.813652,123.95,110.8792846
ESP,1/6/2024,3.7245,124.44,110.8792846
ESP,1/7/2024,3.684826,123.51,112.0364688
ESP,1/8/2024,3.547591,123.54,112.5624616
ESP,1/9/2024,3.433714,123.42,113.6144473
ESP,1/10/2024,3.166609,123.91,113.8248444
ESP,1/11/2024,3.006762,123.95,113.0884545
ESP,1/12/2024,2.816091,124.49,114.87683
GBR,1/12/2023,5.22,132.2,105.165851
GBR,1/1/2024,5.2,131.5,109.1897771
GBR,1/2/2024,5.21,132.3,108.9722675
GBR,1/3/2024,5.2,133,108.319739
GBR,1/4/2024,5.18,133.5,106.9059271
GBR,1/5/2024,5.16,133.9,110.1685699
GBR,1/6/2024,5.16,134.1,108.2109842
GBR,1/7/2024,5.09,133.8,108.754758
GBR,1/8/2024,4.91,134.3,109.4072866
GBR,1/9/2024,4.84,134.2,108.9722675
GBR,1/10/2024,4.75,135,108.2109842
GBR,1/11/2024,4.68,135.1,108.2109842
GBR,1/12/2024,4.64,135.6,107.88472
USA,1/3/2024,5.29,127.99,114.758792
USA,1/5/2024,5.33,128.26,115.2252581
USA,1/6/2024,5.28,128.48,115.1531419
USA,1/7/2024,5.31,128.45,116.1117436
USA,1/8/2024,5.12,128.61,115.5020931
USA,1/9/2024,4.86,129.21,116.1889282
USA,1/10/2024,4.62,129.43,116.6632521
USA,1/11/2024,4.53,129.46,117.1465976
USA,1/12/2024,4.46,129.47,117.7736145
BEL,1/4/2024,3.886364,130.72,101.2588944
FRA,1/4/2024,3.886364,123.41,122.8431471
DEU,1/4/2024,3.886364,128.8,112.6164596
GRC,1/4/2024,3.886364,119.24,103.5460993
ITA,1/4/2024,3.886364,122.4,97.86096257
NLD,1/4/2024,3.886364,131.47,115.9196291
ESP,1/4/2024,3.886364,123.67,111.4052775
USA,1/4/2024,5.33,128.18,114.3692761
